model,mae,rmse,smape,bias,n,mase
gb,20.91543994607028,42.200082042254984,44.958804638264056,-13.691724070266778,2976,0.7256662255552409
rf,26.187623194874426,51.5294616832316,45.52082533928773,-5.550665342231388,2976,0.9085858929617157
naive,47.53016419786618,84.3824205526899,69.2610771517304,-2.4432963709677455,2976,1.6490704925366286
hw,49.315775728721455,70.80394546744738,76.66038886542404,-26.415434541743405,2976,1.7110227145909929
