model,mae,rmse,smape,bias,n,mase
gb,19.12494752797059,43.82118826775473,34.805573719167484,6.2746399583459205,2976,0.6702327230474145
rf,32.018230581667254,55.02499192934375,52.50022443576711,8.501772594494449,2976,1.1220771109842622
hw,43.5915652155457,70.44576246517298,53.942176950643685,33.3024639659648,2976,1.527663979918611
naive,48.23753360215055,81.14519353233769,71.91449349552447,-10.174711021505376,2976,1.6904816837785699
