model,mae,rmse,smape,bias,n,mase
gb,21.82397488853256,45.017404906569745,44.4546034836797,-13.13062732128318,2976,0.7564493806847209
rf,26.016565170577877,50.2432766389757,44.453907966223944,-2.470509294914116,2976,0.901770402108019
hw,47.68588204008249,69.82965298714637,73.90780467700316,-25.700436530943954,2976,1.6528591203419647
naive,47.89097064947907,84.54066522543124,67.94741293508451,-1.3055275537634432,2976,1.6599677773284174
