model,mae,rmse,smape,bias,n,mase
gb,23.148487073880997,47.40004072575987,42.24826929678146,-16.119092736138654,2976,0.8056253609621583
rf,25.471977824282998,35.72025809390214,46.38888062239257,-9.202631935512342,2976,0.8864886618124725
hw,32.068799453415004,43.94288513936764,48.37584838285224,19.198737414534325,2976,1.1160745863357646
naive,35.16103494623656,63.9434015428774,59.103568533405216,-13.227305107526881,2976,1.223692130719269
