model,mae,rmse,smape,bias,n,mase
gb,21.249907946342656,42.147057113124944,45.220724159873654,-14.819103452256078,2976,0.7373257992351966
rf,25.41305092429263,49.684528189077845,43.72482182150648,-6.161390268516668,2976,0.8817778472769233
naive,47.31313798818875,84.19061856852369,69.13944571698637,-4.4868749999999995,2976,1.6416634542396
hw,49.78708200215203,71.0422408462614,76.62550042255283,-26.982400664909434,2976,1.7275039553826912
