model,mae,rmse,smape,bias,n,mase
gb,18.78323284652191,39.364002797607334,34.20746388587452,2.572367015589496,2976,0.6539733320966993
rf,29.53908661077704,52.29435809533156,48.84736666957352,8.115964587998969,2976,1.0284584690925518
hw,43.220235474061546,69.98711395825971,53.55341734316593,32.76710909322958,2976,1.5047932183947665
naive,43.52485887096774,76.30118886653233,64.41214631580733,-2.1841733870967763,2976,1.5153992508885952
