model,mae,rmse,smape,bias,n,mase
gb,19.05156766838342,43.71282066751432,37.92297629633431,0.6612888144619198,2976,0.6708504284835752
rf,31.49221612470935,54.734063957088395,53.87076269734577,6.73082270176692,2976,1.1089148698360776
naive,40.32150201612903,74.27642513620849,60.347291667849234,0.6816095430107543,2976,1.4198147562161612
hw,41.7113424353923,69.3221679052823,53.809625936059504,32.09603154615196,2976,1.4687543005631523
