model,mae,rmse,smape,bias,n,mase
gb,21.579092495721127,44.57811313011796,43.56383464955753,-13.192126202551163,2976,0.7521039348295425
rf,25.383161610752005,49.403781875144254,43.77357194606476,-4.174971799627224,2976,0.8846885349625448
hw,46.941707070246856,69.29590841122331,72.16859572753816,-26.21497763804981,2976,1.6360763364886164
naive,47.999216617221016,84.7864925034208,65.76169672293776,0.6235719086021505,2976,1.6729341001576299
