model,mae,rmse,smape,bias,n,mase
gb,22.353738431931262,45.504656531821105,41.77048328104202,-15.008210529768162,2976,0.7694145091798827
rf,23.121217440272652,32.69596877175829,44.97000285489347,-6.382212863738723,2976,0.795831096557739
hw,31.471957557771578,43.15698999583496,48.04420074919118,15.995768437607643,2976,1.0832631352012674
naive,34.608262768817205,60.78997146138117,59.839730505975616,-7.390420026881721,2976,1.1912145967406023
