model,mae,rmse,smape,bias,n,mase
gb,21.29466001176022,42.65657967731737,39.588860795706395,-9.427012763201798,2976,0.7512287170729767
rf,26.24435033814808,42.06175358724381,49.09990566408408,-0.24359680600069583,2976,0.9258428931972902
naive,35.229096102150535,67.33324120723563,57.091035581863615,-6.63425067204301,2976,1.2428049404800776
hw,35.95758451689203,56.16789637023072,51.700391438886506,26.559787163447314,2976,1.2685044077130152
