model,mae,rmse,smape,bias,n,mase
gb,21.230737386130265,40.88135432981172,39.491635518926735,-14.413833352547961,2976,0.7344003115787242
rf,24.21584137899742,33.85155651575465,44.27667790683223,-7.686843392750298,2976,0.8376591509956116
hw,31.371643250677252,43.10864699428094,45.892041668722925,17.58036419136754,2976,1.0851881476846503
naive,34.08581989247312,59.05936565558239,59.13886045101471,-10.48111559139785,2976,1.179075238611448
