model,mae,rmse,smape,bias,n,mase
gb,22.77136101112778,47.29134077871171,40.689870228450395,-12.249428895911077,2976,0.7945835804311399
rf,26.458627256257788,42.97955978591481,48.730722757172565,-3.4159784141675424,2976,0.9232470017183676
naive,35.23782594086021,67.99257935796123,56.731887686492044,-7.421898521505376,2976,1.2295882485467347
hw,35.29181813467593,55.852070544712596,51.291322114529045,23.850497301704845,2976,1.2314722514684948
