model,mae,rmse,smape,bias,n,mase
gb,21.38073696980969,43.66468247941811,44.691903697067175,-13.551683046893935,2976,0.7413071624728417
rf,27.03385826839923,51.9984708732203,46.47398215454324,-2.8454633485626837,2976,0.9373106638904778
naive,47.02253314947908,84.09805661921126,68.97013302667087,-1.9213306451612895,2976,1.6303526239785993
hw,48.67145460085509,70.42286169090978,75.97670593080879,-25.378401010445632,2976,1.687523585109928
