model,mae,rmse,smape,bias,n,mase
gb,21.859295824086644,45.95103545741351,42.23757681325728,-14.080138020813255,2976,0.7702691300354549
rf,26.84155395132687,52.21509769738141,45.08416266258972,-11.486565351775738,2976,0.9458319507303781
naive,37.87249663978495,64.67262148590292,63.34192508260791,-10.60767809139785,2976,1.3345359005962742
hw,43.36431827251959,69.62150126485793,65.4137319273421,-21.705279519210578,2976,1.528054516447348
