model,mae,rmse,smape,bias,n,mase
gb,19.520598920091732,40.27927359965693,45.65094115253187,-10.985191119474576,2976,0.6827646848513819
rf,26.259211244030734,41.367600664624554,51.501947672466166,-5.180445595890085,2976,0.9184586068731264
naive,36.19139784946236,53.32856669181374,70.11781136595047,-0.7948252688172042,2976,1.2658529816718878
hw,37.87796494661322,55.53507203993566,64.90704855334883,-3.9437308142144043,2976,1.324843408004642
