model,mae,rmse,smape,bias,n,mase
gb,20.954887584225276,48.79108703749903,39.87677750231965,-0.4526447662587509,2976,0.73689288765499
rf,31.723743216915874,55.62052832330684,52.89244222801781,9.111679842288996,2976,1.1155870272449764
naive,41.046317204301076,74.71428232000952,62.55688368948245,-0.05153897849462155,2976,1.443421688172152
hw,42.34786292645017,69.82107291239377,55.29803437264679,32.298385322596005,2976,1.4891914295632465
