model,mae,rmse,smape,bias,n,mase
gb,20.577141102965793,40.9393561202483,44.93735876622134,-9.672525240608115,2976,0.7158220505279453
rf,26.122118050654223,36.86139274254156,53.67551533341477,-3.7251732760427188,2976,0.9087165225521681
naive,31.633390456989247,47.473188340964846,62.5796676343549,3.4879670698924734,2976,1.1004385064361302
hw,32.74226381854665,45.06321048825806,58.12409363899348,5.007021477270799,2976,1.1390131558237182
