model,mae,rmse,smape,bias,n,mase
gb,22.212110182924988,46.10167609507012,39.72778690328036,-3.3432420823179276,2976,0.7890169643442203
rf,31.31971741366556,53.991520270306616,51.71133376656232,5.071574540177261,2976,1.1125367267827526
naive,37.959475806451614,72.77345344891721,58.180319576080386,-3.8596034946236535,2976,1.3483937420735543
hw,40.45959872944235,68.23650296914349,52.640202981716186,31.302200825176794,2976,1.437202926925427
