model,mae,rmse,smape,bias,n,mase
gb,22.316349743312596,45.48889769345794,43.47085503422818,-12.238875777927552,2976,0.787413250863703
rf,27.17400798432128,51.764738195130946,44.58464733828915,-8.83717066902201,2976,0.958811553504291
naive,40.91262204718926,71.38517176627754,63.00639052628889,-6.998915991141566,2976,1.4435667615035928
hw,45.950258673510525,70.20070851457163,70.82711408472736,-30.49451484994543,2976,1.6213154470291171
