model,mae,rmse,smape,bias,n,mase
gb,20.070376437463395,47.61778490250312,36.204981890571695,3.4168661358941868,2976,0.7117162374761286
rf,34.5858570126241,59.439848799874945,53.30475115492107,12.740468626292133,2976,1.2264501415611326
hw,45.633853196333675,73.13906551530462,56.72161862850934,33.27412802546132,2976,1.6182234747629576
naive,49.244425403225804,81.79386836996638,75.9257781748708,-11.502221102150541,2976,1.7462580870798714
