model,mae,rmse,smape,bias,n,mase
gb,21.156813724808657,42.96974260553558,41.9867034384198,-11.976102192992272,2976,0.7451900757518989
rf,27.243411897825823,51.5677134171411,44.11466369464013,-12.921583412296117,2976,0.9595736125461688
naive,37.54119059557635,63.870817647486525,62.0781057203871,-10.868969754582427,2976,1.322284301767516
hw,43.35108955038607,65.47772883801548,69.66927479756384,-33.37560166412005,2976,1.5269218761471
