model,mae,rmse,smape,bias,n,mase
gb,20.85484464760596,42.43913669318827,45.245696589094756,-11.552653861574319,2976,0.7324448016991638
rf,27.62997801477998,52.669041380230425,48.52787809506899,-5.456032390011315,2976,0.9703948463749855
naive,45.12025981600647,82.90047502694837,65.41463270144057,4.301913981976712,2976,1.584672545491408
hw,48.50037888094855,71.72510375131247,77.58488023518989,-28.57034543214252,2976,1.7033859993710692
