model,mae,rmse,smape,bias,n,mase
gb,18.611427791276682,39.51587365450234,33.409701951717004,2.9616957074499894,2976,0.649636752044273
rf,29.488755876386108,52.32857573709057,49.03672480951513,8.109916666361778,2976,1.029312732166683
hw,42.58287470967589,70.0006004589091,52.17682579847467,33.262749864668024,2976,1.486366372818968
naive,45.321797715053755,79.01324995455114,66.31588459969286,-6.601428091397849,2976,1.5819691962706424
