model,mae,rmse,smape,bias,n,mase
gb,20.498457766998968,40.48163333066376,45.15738138078264,-11.59097774575379,2976,0.7117828119268113
rf,25.7175426503075,36.398629747977154,51.89225484361278,-2.279208505284735,2976,0.8930088805487496
naive,30.397620967741936,46.453345227181416,61.148830321897115,3.4905376344086023,2976,1.0555186333646016
hw,32.52890083201073,45.01323579904353,57.47421183519077,7.170664871211293,2976,1.1295246094256157
