model,mae,rmse,smape,bias,n,mase
gb,22.617277422608446,44.4121185553872,43.50805285883189,-15.688911380441425,2976,0.7792671851376372
rf,24.055276806328457,33.47730040708656,46.391592789259406,-6.410050577570555,2976,0.8288127476314235
hw,31.713632162916408,43.29625551841773,49.18819200662374,14.184847517412383,2976,1.0926776200473431
naive,33.48744623655914,59.679243247520944,59.101923453651,-5.89067204301075,2976,1.1537935127472911
