model,mae,rmse,smape,bias,n,mase
gb,21.561006243739318,43.68702771467041,42.85380742262196,-12.649312096445275,2976,0.7470501682084304
rf,23.189613664605996,32.788071492819874,47.148604676405334,-7.1419569948299175,2976,0.8034784922833901
naive,29.209620295698926,45.48629488256674,56.883927176343484,2.792483198924732,2976,1.0120609172191328
hw,31.183419989676008,43.24250625914473,51.55699987208209,9.49942821995538,2976,1.0804495339991818
