model,mae,rmse,smape,bias,n,mase
gb,20.000212303512075,42.3666425677463,38.009437579755044,1.2186159428238623,2976,0.6986549869860202
rf,30.64959567078635,53.654281637748625,51.05902149070667,9.885081315169286,2976,1.070663277946293
naive,41.6372748655914,74.93658355798416,62.56042631994193,0.8559778225806449,2976,1.4544890468110097
hw,42.85068150802472,70.06145871910445,54.59690326288064,33.958717309751336,2976,1.496876226962549
