model,mae,rmse,smape,bias,n,mase
gb,23.09175735238549,45.5460185487946,42.69567504888258,-17.628425762644206,2976,0.7961794996519412
rf,25.781505061204577,51.11166455587644,40.344076273318855,-4.050574940625837,2976,0.8889191708825636
naive,45.68507011184466,83.35848624128528,64.31025827118586,-9.109358198924733,2976,1.575173154132194
hw,48.70889018200234,70.01145057735323,68.88898195031581,-23.422597311301214,2976,1.6794312889184118
