model,mae,rmse,smape,bias,n,mase
gb,20.58260348431548,41.699186084749364,42.397407696192374,-13.355594454706086,2976,0.7130945239129938
rf,24.29226913416409,33.732005008251534,48.127531679810524,-6.345790745527955,2976,0.8416177334511362
naive,29.57072916666667,45.77820283356151,57.20167014634006,2.6334509408602145,2976,1.024492603811414
hw,31.16861625177572,43.45451762135726,51.71702037617242,8.940466961215092,2976,1.0798521957644363
