model,mae,rmse,smape,bias,n,mase
gb,21.188409244062193,42.46438122391717,44.87101336275389,-13.159788871905729,2976,0.742777169012189
rf,27.657021296939238,52.06346762930123,49.65084219512833,-10.978817249272286,2976,0.9695397019012783
naive,39.80104166666666,65.69741663070873,67.03262665405983,-6.2735013440860214,2976,1.3952583562254735
hw,40.871064862254215,66.24376719813046,64.01667469990572,-12.314036433004173,2976,1.4327689022433925
