model,mae,rmse,smape,bias,n,mase
gb,22.01537485328662,44.78978295319189,45.803143271752624,-12.702636361634873,2976,0.7697195659247495
rf,26.689461611387323,50.943826061390716,46.27952177301389,-4.469672614514645,2976,0.9331388151774053
naive,47.16636379464037,84.37621680431465,65.74530876751994,3.4345430107526895,2976,1.6490690396234404
hw,49.32161446086011,72.24840916037391,76.63246904807019,-29.033064048664862,2976,1.7244226785379297
