model,mae,rmse,smape,bias,n,mase
gb,20.552249613872824,39.6116917716969,42.895386319358536,-12.929854278569014,2976,0.7228166449546379
rf,26.870087718879432,50.80708889903087,46.09277633684243,-10.286962208156483,2976,0.9450131746885386
naive,38.39665322580645,65.00310448748392,63.66847931644774,-9.470638440860217,2976,1.3503991331163205
hw,40.73316937141229,66.16880824721002,62.73457577871715,-16.87691156133468,2976,1.4325737267972554
