model,mae,rmse,smape,bias,n,mase
gb,21.058753013212947,42.74452590293803,42.97523492129843,-12.643010198616563,2976,0.7409635414413704
rf,25.62528568368902,51.178845330024934,44.31945424843572,-9.52371368029388,2976,0.9016394474411544
naive,37.00426075268817,63.662977069841475,62.72526771621063,-10.38568548387097,2976,1.3020148001416934
hw,43.305030443052864,68.93000797526136,66.46291843429255,-23.996287379952317,2976,1.5237107676403299
