model,mae,rmse,smape,bias,n,mase
gb,23.561704754361553,44.85294549493977,46.54652316069942,-18.224779227253105,2976,0.8123366442767683
rf,25.725338530803768,48.73264210503261,43.59619989974253,-1.307789304441616,2976,0.8869322229805371
naive,43.53295653657586,81.14407034235364,63.03230014418853,-1.136794354838708,2976,1.500885279611283
hw,48.71925112060053,68.92942489664108,71.152866531835,-17.530292996194802,2976,1.679693102837126
