model,mae,rmse,smape,bias,n,mase
gb,20.7088159984315,42.68063763435477,45.28774013446001,-11.300619595172922,2976,0.7279381353443124
rf,27.56221221317095,51.58478065083926,47.727965944503474,-6.929874038023024,2976,0.9688427076632254
naive,45.3865938213828,83.8091566887243,64.6935292511083,5.611910621761659,2976,1.5953897353894813
hw,45.43902967738967,67.14969279108634,75.10961399746698,-28.919825155210294,2976,1.5972329146059905
