model,mae,rmse,smape,bias,n,mase
gb,22.889450012199116,45.252665751548236,46.73589699835154,-14.437954564360087,2976,0.794104730935044
rf,25.69504583485037,36.164093263965356,49.54073035626083,-5.301391700905935,2976,0.8914393944884085
naive,28.495332661290323,45.340005542427605,57.20775099072689,4.302557123655914,2976,0.9885898727946105
hw,33.86431735298302,46.279762588913115,55.11361370499293,12.577502269961384,2976,1.1748563030373083
