model,mae,rmse,smape,bias,n,mase
gb,23.5570229545162,48.2760716495074,42.2047498830274,-13.434185208060452,2976,0.8244344910687609
rf,26.59668357130239,43.51319689167834,49.13832861909063,-5.058767537618156,2976,0.9308147012702135
hw,35.087767766456174,55.38165822665857,51.2339668560306,23.450832188808143,2976,1.2279805481843096
naive,35.184704301075264,67.97604820105578,57.47547055053246,-7.925719086021506,2976,1.2313730745973017
