model,mae,rmse,smape,bias,n,mase
gb,19.482244025109434,39.798618279875335,46.407868837064626,-11.009184157797227,2976,0.6796092633932356
rf,24.796142514007638,38.55094770254156,52.68573931995319,-2.2569489954984463,2976,0.8649767515086735
naive,35.360325940860214,52.65988214316463,69.13365929947386,0.8571337365591392,2976,1.233492663116242
hw,36.85595276504046,53.979532797974414,64.57192608821605,-3.71271956115856,2976,1.2856653924477437
