model,mae,rmse,smape,bias,n,mase
gb,22.26115267395336,42.44806058841688,46.171931648397596,-17.37294958770464,2976,0.7674727729445479
rf,25.261704146597264,50.09720595991353,43.001550089241306,-1.7789762867481778,2976,0.8709194179948421
naive,44.73706607958661,81.84837878678215,66.27378008832308,-6.572577284946237,2976,1.5423496105696641
hw,49.13106992435935,68.89040179150649,71.67254027296768,-20.010407811059086,2976,1.6938367489253734
