model,mae,rmse,smape,bias,n,mase
gb,21.442088851152004,43.211469078402885,40.21749151356183,-14.154310381560066,2976,0.7413831583067502
rf,24.98832446238601,34.989131919423976,46.82359872564155,-9.306404293902956,2976,0.8639980479197686
hw,31.26308887921198,43.11336314254402,46.42001120724913,18.165935449509806,2976,1.0809547396521282
naive,34.95762768817204,63.63667809308652,58.82004608869394,-12.376586021505375,2976,1.2086973709642126
