model,mae,rmse,smape,bias,n,mase
gb,21.335004739328703,41.739341514138935,45.10323961411215,-12.211011604655784,2976,0.7401881896072544
rf,25.06960129208107,35.25063853404056,51.18060725796912,-6.035074127424596,2976,0.8697548006799758
naive,28.18501008064516,45.02622269681015,55.78780195139146,5.842073252688172,2976,0.9778395571292186
hw,32.87419484196036,45.30883893517289,54.03451198145213,11.449844396441438,2976,1.1405242727699723
