model,mae,rmse,smape,bias,n,mase
gb,20.972433076767608,42.79573642017396,44.23977535688516,-13.098214738573319,2976,0.727293172392046
rf,25.64538101514063,49.26712858340707,45.68730068844798,-2.8202927169104153,2976,0.8893441427340145
naive,47.458141348403814,84.29275970202406,69.03930018529805,-2.2820530913978505,2976,1.645778630012467
hw,48.49630428256054,70.29035912388302,75.60981329548724,-25.56041832663597,2976,1.6817805955964742
