model,mae,rmse,smape,bias,n,mase
gb,22.375524236534613,42.1968946224527,46.44049864619045,-17.295262126411117,2976,0.7706208540652066
rf,24.399985473913127,47.284404387336515,42.95069782471399,-2.794215027903025,2976,0.8403440047399617
naive,44.54687118711349,81.7358248254103,66.35149384902702,-4.6553662634408575,2976,1.5342097712327287
hw,48.668821812605785,68.73999306833977,71.46193389021411,-18.356807863851543,2976,1.6761711875487308
