model,mae,rmse,smape,bias,n,mase
gb,18.87171699478658,41.02600855043675,35.77655901283963,3.735607747485832,2976,0.6717975516752036
rf,34.77901492421608,58.3924750221608,52.924466352107004,8.569169575161368,2976,1.2380673725776141
hw,45.16424566367836,72.8406492191139,56.245236583295,30.784204535253792,2976,1.6077620106585158
naive,51.53325604838711,83.08671030759314,78.87834110791707,-13.08444556451613,2976,1.8344867747180498
