model,mae,rmse,smape,bias,n,mase
gb,23.089493725686264,44.36241564370122,45.90725011439385,-18.590332520767593,2976,0.7977368838875065
rf,26.24177332365186,52.169379397482444,43.33164718001798,-3.108665968993299,2976,0.9066474444003917
naive,45.70054726238231,83.39276543457258,66.0739323269646,-8.235010080645159,2976,1.5789437654273646
hw,49.68972276899029,70.78545725700516,71.57055090284807,-21.667021720449082,2976,1.7167688938485048
