model,mae,rmse,smape,bias,n,mase
gb,20.796443417663482,41.05660704657682,43.710327511139525,-12.766931127254,2976,0.7303821634818759
rf,27.057162069920142,52.10709078112121,47.308576312828684,-11.396625294423641,2976,0.9502619353424198
naive,38.667634408602154,64.98734774969911,64.85596959312407,-7.853561827956988,2976,1.358027904525904
hw,40.06106226850994,65.39994399130853,62.42435522377357,-14.229736744987681,2976,1.4069658327348669
