model,mae,rmse,smape,bias,n,mase
gb,20.457473206504137,41.967904062001516,37.258395812048654,-1.4857244110954662,2976,0.7244274968203618
rf,31.423888554930468,55.1029541552009,49.84111994002578,7.105578279756194,2976,1.1127634726156077
naive,38.59330309139786,73.22222587665571,58.062501493879616,-2.5096001344086014,2976,1.36664238395004
hw,41.1248739874426,69.38516193312073,53.311548323396906,30.743107667312106,2976,1.4562888201805857
