model,mae,rmse,smape,bias,n,mase
gb,22.48886959914053,44.82444231560914,44.16905700603556,-16.91290396863958,2976,0.7761112113894012
rf,25.12722423850504,49.86435609071866,41.585816652376685,-5.537343613306715,2976,0.8671632140792249
naive,46.674199816145745,83.80161901964392,65.76968805159859,-7.212547043010754,2976,1.610768811666917
hw,49.807334761089734,71.19795505004286,73.11886838333169,-26.875659086139198,2976,1.718896129798544
