model,mae,rmse,smape,bias,n,mase
gb,19.74233646003566,40.61762190326626,36.49393839445502,-0.3248199599016352,2976,0.6981664457787268
rf,29.628092888532382,52.317496541059086,50.025980453706545,6.769228189480999,2976,1.0477655645805595
naive,39.61634072580645,74.02360567646937,58.64153233471336,-0.8911189516129012,2976,1.4009891815634348
hw,40.82761375936858,68.74734820447037,52.51623970338303,31.638085989057835,2976,1.443824546588318
