model,mae,rmse,smape,bias,n,mase
gb,19.630238205971054,41.53377004851743,39.21393050654067,-0.08526758945474715,2976,0.6881305917135933
rf,31.350397088660888,53.637754598217526,52.78572990295668,10.865575812228837,2976,1.098976338071857
naive,40.92404569892473,74.60478893063373,62.75830753767123,1.6861491935483857,2976,1.4345769769390404
hw,42.88296586760104,70.10803282502216,55.8777547555351,33.60631703763239,2976,1.5032461841410647
