model,mae,rmse,smape,bias,n,mase
gb,20.49462794426667,41.98585221994662,44.28139083673699,-10.333187085251916,2976,0.7120460871308617
rf,25.14321014511467,37.9472909685715,50.653702313971834,-4.297108301090579,2976,0.8735520571743898
naive,32.58588373655914,50.09624863652923,61.55331335405323,4.164929435483871,2976,1.1321333118813222
hw,33.136734305159074,47.898718907966916,58.362655875983236,2.4158496727436822,2976,1.1512715462045815
