model,mae,rmse,smape,bias,n,mase
gb,21.09635620526866,42.56022763697124,42.7943453637593,-12.020183844022334,2976,0.7422529421980785
rf,30.414939365600652,56.06586922576008,48.79509447354321,-12.448373834803025,2976,1.0701174179669548
naive,37.36056115591398,63.80345957809079,61.96366819019704,-11.001334005376345,2976,1.3144917620049847
hw,51.82729446878085,108.19158345493685,59.42961947878611,-14.081659960118994,2976,1.8234884465977799
