model,mae,rmse,smape,bias,n,mase
gb,20.211638738543446,40.58994492330075,44.8543058933702,-10.335814533049598,2976,0.7036787770162394
rf,24.867986410593144,38.16648643701332,52.06314027114969,-5.042020902801522,2976,0.8657919573286276
hw,33.567362150669375,48.154052688275065,60.31034690158099,0.9136341664874322,2976,1.1686652750625233
naive,34.501236559139784,51.9415435035604,65.8443891811151,1.7393346774193554,2976,1.2011786011782355
