model,mae,rmse,smape,bias,n,mase
gb,21.06645279712615,42.504129219361126,44.716993042811154,-11.76231924506086,2976,0.7408324760548611
rf,28.147813041140658,50.204893619189036,49.26292257541477,-7.589517956459287,2976,0.989858816366192
hw,45.26018790286699,66.95206785025589,75.20846993420778,-28.587165827912802,2976,1.5916403864329434
naive,45.36334113321077,83.55323241960737,65.16608421978603,5.414827288428323,2976,1.595267919923492
