model,mae,rmse,smape,bias,n,mase
gb,19.534538370745242,40.91516106673244,35.14232391140782,1.8852323893209424,2976,0.6818026753169533
rf,30.620387049608304,54.62391262543036,47.975416148580926,10.101078162881347,2976,1.0687256291107878
naive,42.25614247311828,75.35349432099622,62.609835108052806,-0.41948924731182846,2976,1.4748416594216793
hw,43.1148592691082,70.69594400584808,53.775140588247204,32.066404473684344,2976,1.5048129542500401
