model,mae,rmse,smape,bias,n,mase
gb,26.168836013039925,59.25347384516106,41.7915809402779,-5.947261026206842,2976,0.9345118660335662
rf,30.81408818268158,54.82604411080534,50.364069755785835,3.4885911708354764,2976,1.100397856189382
naive,38.1396001344086,73.2019498023947,58.85105743184508,-3.731824596774194,2976,1.3619982514170625
hw,40.04984732521838,67.58731379024408,53.242520292195096,30.581846372537868,2976,1.4302148379698418
