model,mae,rmse,smape,bias,n,mase
gb,23.31187617916544,44.888381252334476,47.28051986476597,-14.757923628512774,2976,0.808114456784708
rf,24.55140841095748,34.35414800167297,48.7491787762905,-3.451929369608511,2976,0.8510832812784224
naive,31.387073252688168,57.24914554199895,59.568885666121,-0.4874361559139793,2976,1.0880440277186636
hw,33.8391852118139,46.16469617931207,54.936647119233086,13.108947428736004,2976,1.1730473585786303
