model,mae,rmse,smape,bias,n,mase
gb,21.661399665958395,45.24908474250896,43.6833999134259,-12.100633720948041,2976,0.7623762781586367
rf,28.58500738917957,51.81490735917196,47.0851338316929,-7.29272017171316,2976,1.006053712159124
hw,44.39220784501555,65.633812317102,74.02178675716532,-28.964429153509357,2976,1.5623905526896247
naive,44.420189251490335,81.89983711874373,64.12767994270509,2.6548474497186474,2976,1.563375362575175
