model,mae,rmse,smape,bias,n,mase
gb,22.59967034666641,44.711209122291486,44.14029049781868,-15.02228374344826,2976,0.7813670366014173
rf,23.5782075114794,33.17942907289757,47.07631877635316,-6.956829426995848,2976,0.8151992418037847
hw,31.770936049245922,43.37726117232869,50.509047634347716,15.298954454406607,2976,1.098456825699417
naive,32.3199563172043,58.28778729558929,58.9273639374457,-3.6545732526881713,2976,1.11743879903037
