model,mae,rmse,smape,bias,n,mase
gb,20.298060482071218,40.896567655344576,46.242133445021025,-10.974662123715715,2976,0.7062151643733007
rf,27.24099150049033,39.80262908115369,52.85543483522126,-4.615596885945449,2976,0.9477753456889599
naive,31.30605510752688,47.29121173387361,63.04121312081854,4.504536290322581,2976,1.0892080488758953
hw,32.57176651307858,44.687791197295375,58.81716075194184,6.512791580927832,2976,1.133244994627948
