model,mae,rmse,smape,bias,n,mase
gb,20.61701169801304,43.08987332695504,42.9652162161857,-9.950565242923782,2976,0.7155869385170496
rf,24.877408054090168,37.962908066182926,50.046490977962996,-4.577610753318839,2976,0.8634591922640968
naive,31.945272177419355,49.6005438075163,60.709229434500166,3.967079973118281,2976,1.1087746300176222
hw,33.44074734674494,48.06256849868246,57.79333699269318,3.4730791944996167,2976,1.1606804306118519
