model,mae,rmse,smape,bias,n,mase
gb,22.431761669748308,42.94114109148901,43.405990234017565,-17.807192084513485,2976,0.7727784691946243
rf,25.596741356799285,49.450606086627296,41.602507060697945,-3.5525342937312208,2976,0.8818126232481511
hw,44.33679853282769,64.0077109371433,65.25414092900996,-14.11732384364425,2976,1.527411168307651
naive,45.27807414410274,83.245458831536,64.62463487077677,-8.395413306451614,2976,1.5598382926985248
