model,mae,rmse,smape,bias,n,mase
gb,22.812259865876683,45.13320347606436,42.82173626960979,-17.106814814330498,2976,0.7875585848837247
rf,24.54161144263784,49.131184909506175,39.63003616307428,-5.037116531862067,2976,0.8472618185207272
naive,46.48980801507047,83.73192754981437,64.82280863015258,-8.32104502688172,2976,1.6049899320423102
hw,47.93409389696439,69.33349406010632,68.242994924462,-24.29153270426506,2976,1.6548517060182137
