model,mae,rmse,smape,bias,n,mase
gb,22.871111074669614,47.152307051568826,40.246136171530175,-4.435906761367653,2976,0.8145931340705312
rf,30.685753992449552,52.752390856892,51.195799051039394,5.024532671550085,2976,1.0929248008292436
naive,37.1454065860215,72.2567996946788,58.33059267401099,-4.740910618279569,2976,1.322996205494512
hw,40.362095232666206,67.95608630870116,53.076003986484025,30.867077637474214,2976,1.4375639882945985
