model,mae,rmse,smape,bias,n,mase
gb,21.93891188715725,45.30018790707711,42.331153115501195,-12.930101538578059,2976,0.7760582597876059
rf,27.686194400324307,51.58415288200622,45.47979523517551,-8.539011811786423,2976,0.9793603236555556
naive,44.54383844503872,81.8759884696722,63.72487798288592,-1.6757305072705997,2976,1.5756758551071541
hw,45.56761554079544,69.80474534547868,70.71887420014,-28.849537312349806,2976,1.6118905350069563
