model,mae,rmse,smape,bias,n,mase
gb,21.012210258743995,42.338852146631,46.29456628680608,-11.245638304535063,2976,0.7361284714184805
rf,27.499252757378233,51.31080234388644,47.800761452880266,-4.9315124932034164,2976,0.9633914113825975
naive,45.97157212797371,83.76988320373124,65.15427476420078,6.010154569892472,2976,1.6105389534252905
hw,48.70620820059771,71.890240388511,77.55920760316984,-28.055859659565066,2976,1.706342462301223
