model,mae,rmse,smape,bias,n,mase
gb,24.33748931150625,55.004123556551136,41.01771244229064,-5.38443592896744,2976,0.8641697199477978
rf,29.582269739858226,52.16969478833883,51.82324081712524,0.8466417066719429,2976,1.0504001225971706
naive,37.06751344086022,72.12030255476884,57.48252960909427,-5.20671370967742,2976,1.3161843565435098
hw,38.34428049139587,64.72179141244051,52.052575072264474,28.86405658597591,2976,1.3615194940500042
