model,mae,rmse,smape,bias,n,mase
gb,22.415606311930425,47.89981142740546,40.00296425066495,-11.334326420190287,2976,0.7819229023492931
rf,26.029890213644386,43.42670655805912,48.49726022047871,-1.3931904698651911,2976,0.9079998560134175
naive,35.47189180107527,68.04424476766087,57.34229246095165,-6.989727822580646,2976,1.237364905635168
hw,35.88509466257842,56.69598029413191,51.664894977744055,25.18676859188076,2976,1.2517786482852435
