model,mae,rmse,smape,bias,n,mase
gb,20.46752322451082,38.52084480877839,42.39157522765906,-12.592905728524606,2976,0.7118196717760069
rf,24.631393657808204,34.29187384299692,48.796158897710775,-9.084640272369619,2976,0.8566307880325222
naive,29.07287970430108,45.63129731434395,55.270887456149374,4.7185181451612905,2976,1.011096822106747
hw,31.398917184259634,43.73011066939561,51.56521391094909,9.245592476634375,2976,1.0919917705262991
