model,mae,rmse,smape,bias,n,mase
gb,20.830554891492486,43.05978047866018,45.67894166768476,-11.541737948755912,2976,0.7288566438750304
rf,25.866651046957564,42.86450577825154,51.19750348652441,-5.934139030621822,2976,0.9050685672359076
naive,37.60860551075269,57.59982565445304,68.65198823491744,-2.6861727150537615,2976,1.3159170332319068
hw,39.11388311548285,59.40892291558932,64.60736503150113,-7.983243234449262,2976,1.3685863734774686
