model,mae,rmse,smape,bias,n,mase
gb,18.512421427505604,39.41762205413105,35.66111683841189,-1.3939805887208307,2976,0.6536574782287835
rf,29.37572022146332,52.21418117366543,50.24756461542097,6.935245224645717,2976,1.0372310978501347
naive,40.10971438172043,74.2217934935682,59.06449720025485,0.5994926075268829,2976,1.4162390834662848
hw,40.952351958773626,68.84676608851217,52.29870344528303,31.771776640626054,2976,1.4459918824631266
