model,mae,rmse,smape,bias,n,mase
gb,20.233200408512438,40.15361677490061,43.33554472369266,-11.977916704873609,2976,0.7021471711821249
rf,25.07326247266918,35.10386722226461,50.69315170932421,-5.626725238644156,2976,0.8701105095605555
naive,30.990729166666668,47.10288619254674,61.18603184510146,4.1630880376344095,2976,1.0754627235388605
hw,31.54327761064169,43.739855267544065,53.93314866734747,8.996244641228786,2976,1.0946376597350602
