model,mae,rmse,smape,bias,n,mase
gb,23.818772902336782,48.081346299940236,43.861556478203276,-14.025887463825121,2976,0.8359997923601047
rf,26.319278463742645,42.765278601813634,48.30675997131187,-4.583304828998471,2976,0.9237634289967135
hw,34.76746132565295,54.798720366969086,50.826411379118575,22.849181557748683,2976,1.2202807662808821
naive,35.62349462365591,68.25409931070114,59.02873698877127,-8.516182795698924,2976,1.2503261284965652
