model,mae,rmse,smape,bias,n,mase
gb,19.643515172064028,37.69346630873677,42.14453547544129,-9.331741203147857,2976,0.6846590218044694
rf,25.527157337400514,36.05163664482696,51.198127960535835,-5.614578049268371,2976,0.8897286671445065
naive,31.489566532258067,47.42044059747161,60.463146045681086,4.220809811827957,2976,1.0975436743462041
hw,32.36633224700388,44.83995305553528,56.825603533474336,4.6982207628357076,2976,1.128102642603742
