model,mae,rmse,smape,bias,n,mase
gb,26.882704031871903,49.40917321826576,44.10866045581999,-5.60374669130888,2976,0.854207264194212
rf,28.430146583968792,53.933452355564,43.645456738465796,-6.05514847961245,2976,0.9033777891293984
hw,33.4308463101547,57.53588039402521,52.93239885406456,-13.303243445836271,2976,1.0622767610147263
naive,43.03880040826613,68.29929183658886,66.50571147735975,-8.14949930409946,2976,1.3675728419045419
