model,mae,rmse,smape,bias,n,mase
gb,26.379690250549046,50.47674396853496,37.1533816473623,-6.063411757384003,2976,0.8278056732686342
hw,30.371183624527006,55.334610655500164,43.69653390106426,-6.832623482157627,2976,0.9530603987188069
rf,30.663533688651633,55.75695948115293,38.918355356628986,0.30295159028099333,2976,0.9622344655620587
naive,47.25640120127687,78.98071079198556,61.963307143028615,-4.560762744959678,2976,1.482925562852714
