model,mae,rmse,smape,bias,n,mase
gb,24.753102047790293,32.12329712899697,47.56442018756703,-3.769638950524573,2976,0.7555262993249213
rf,28.65626104801937,35.83098323443279,49.26048906905304,-1.1052181121961449,2976,0.8746604292382704
naive,29.516461644153225,42.404969712200774,55.926697273865855,-5.149687544018817,2976,0.9009158929704258
hw,30.099282761045885,40.16939922108033,47.19151949887916,19.49123672453868,2976,0.9187050444377522
