model,mae,rmse,smape,bias,n,mase
gb,25.93468175320908,49.39907071470943,34.893802704350435,-5.823213092214643,2976,0.8160889457042555
hw,29.874606262151744,55.05283644914597,42.20647074747894,-7.521401239232327,2976,0.9400669019118546
rf,31.17656884707177,56.235469139787696,38.30237673693722,-1.4957926424211778,2976,0.9810358747870394
naive,46.880493927083336,78.42877775683176,59.07050669133119,-1.162456310819892,2976,1.4751926870401708
