model,mae,rmse,smape,bias,n,mase
rf,24.922897230781132,33.90230840621153,40.436962735605384,-6.285313934505206,2976,0.7672481113976868
gb,25.32047984260516,35.07560466080488,42.86795404302309,-8.461131002221352,2976,0.7794876397808396
hw,28.126782131769293,38.65096444997836,41.204416771368415,10.629872995630219,2976,0.8658792864435298
naive,31.720006711693546,47.01331287611111,55.1790012736046,-3.0500941055107536,2976,0.97649623226834
