model,mae,rmse,smape,bias,n,mase
rf,24.610680666664585,34.498263058466414,45.76782631606774,0.34214518871562805,2976,0.7723867399086972
gb,25.06619151949855,34.288371090718165,47.47428595503821,0.06675932896184585,2976,0.7866825876090825
hw,31.32960681583605,42.75259203228705,54.9790357659943,1.332170778254457,2976,0.9832549208556477
naive,34.97360888877688,49.448261177517836,61.53265053165241,5.37269492372312,2976,1.097619042655484
