model,mae,rmse,smape,bias,n,mase
rf,24.757497610097158,34.02456353486757,39.597475086917115,-3.144964655892264,2976,0.7647354198803012
gb,24.984544712581382,34.05979193372587,42.585160622832156,-6.472870516433171,2976,0.7717486876986152
hw,28.21613283212702,38.55348900141225,41.473475945990614,11.315898248443407,2976,0.8715693535995591
naive,31.136256712701613,46.49148939933753,54.6036622943309,-1.549690871975807,2976,0.9617691870836567
