model,mae,rmse,smape,bias,n,mase
gb,25.84003571138024,50.16848291719296,40.950504234397094,-5.614677033016233,2976,0.8136296442263741
rf,33.97035229553458,60.4334853019908,47.32696617766554,1.9399651708490948,2976,1.069630319446027
hw,34.42192819464795,59.99820906761913,54.31099724154003,-11.736800867049554,2976,1.083849167370258
naive,51.946421360215055,83.17028917541703,70.62519681936958,0.18743615053763302,2976,1.6356458946970824
