model,mae,rmse,smape,bias,n,mase
gb,24.70508971667219,33.680422396619875,48.15713996942633,0.8939674352572066,2976,0.7568519962373446
rf,33.14897163051231,42.996844705253196,53.56031038130651,6.342798368059892,2976,1.0155342740907822
naive,41.322190784610214,54.789451079026314,76.60443324615049,-11.41680108232527,2976,1.265924671511187
hw,43.08624232751306,56.45749270199895,57.62853241467399,30.376187129536927,2976,1.3199672168742413
