model,mae,rmse,smape,bias,n,mase
gb,25.66407096775937,35.17198363568597,46.389060434701726,-7.570982849854233,2976,0.7854192714865637
rf,26.2269604366679,34.45671225685779,44.55524036375703,-4.560353811197575,2976,0.8026458540171759
hw,28.250239073571112,38.56217201078265,43.3701602202547,13.880775795576762,2976,0.8645659615093658
naive,28.810460319220432,42.01497913126727,54.804761635149134,-3.822093424059138,2976,0.8817108861466904
