model,mae,rmse,smape,bias,n,mase
gb,24.374927603388645,34.49659923049106,42.14831062568823,-2.448507849276799,2976,0.7561450144560786
rf,24.698749771952105,33.81574617017861,42.19219290682866,-3.5799036401907935,2976,0.7661904399159506
naive,29.55704635517473,44.97103148274745,50.800967614015214,5.227657930443547,2976,0.9169017281678213
hw,29.604467902120618,41.07974218143828,45.78746844506636,8.075361418323046,2976,0.9183728121802286
