model,mae,rmse,smape,bias,n,mase
rf,24.30653969824489,33.63077889227787,41.28872892102525,-4.498442199577627,2976,0.755916577323048
gb,24.727576067559866,33.80103353958084,43.212799739980845,-5.3752176241504825,2976,0.7690105172738704
hw,29.788295347511937,41.287751959717575,45.62145588265904,5.439798669098462,2976,0.9263953875345416
naive,30.65412970631721,45.75231103404143,51.615782814734615,4.555346097446236,2976,0.9533222373931431
