model,mae,rmse,smape,bias,n,mase
gb,27.192252778418116,51.59936972262,41.421006885484815,-5.517469201799794,2976,0.8639433429460058
rf,29.495176294212968,55.64152430811684,41.61587611616205,-6.003223182914033,2976,0.93711107410081
hw,34.15604848784959,58.49158444629095,51.827937374603074,-15.119016886735343,2976,1.0851947778243365
naive,41.93782593783602,67.85027857185821,64.70277835918714,-11.661145806787635,2976,1.3324348604679865
