model,mae,rmse,smape,bias,n,mase
gb,25.957652702613167,48.299410729904885,41.92561540153066,-8.00989483772199,2976,0.8179994892440814
rf,31.723172422730492,57.43246420573947,43.8709432211245,-2.3721599370101334,2976,0.9996874192088686
hw,35.476620661783734,61.20135922906858,54.77371272617049,-15.416289310372544,2976,1.1179692522245541
naive,52.43616933702956,83.21589382250536,68.79315745061014,0.7583064660618272,2976,1.6524128828986264
