model,mae,rmse,smape,bias,n,mase
rf,24.652558606050178,33.67701342841482,39.81867046561056,-5.119459822468966,2976,0.7576780558345949
gb,26.14830568446994,36.08438172313789,44.22592267784448,-9.571561089745181,2976,0.8036487299746508
hw,27.362445142046905,37.71611657694502,39.96325238441922,11.851565168093678,2976,0.840964403306149
naive,32.6341364186828,47.97332138631885,55.85966038269572,-4.118356875672043,2976,1.0029859143902529
