model,mae,rmse,smape,bias,n,mase
gb,26.390080419151197,49.39458607230677,37.85661671566811,-5.965262811855289,2976,0.8408322519587044
rf,29.061811701267757,54.15815573655036,38.65972994030763,-8.849253095242263,2976,0.9259580945059792
hw,33.75219642467281,58.77667480211785,49.567748425855704,-18.435804938517002,2976,1.075401623547723
naive,43.99297043145161,73.14121846780667,61.2558368650841,-9.627022828629034,2976,1.4016898702357161
