model,mae,rmse,smape,bias,n,mase
gb,25.610418107482847,40.106773515577196,47.4801821792993,1.5624872840596489,2976,0.8104976241324026
rf,25.9708624658234,42.77319421583941,46.664345094529395,-1.4458699065779812,2976,0.8219046732028584
hw,33.40654532419992,50.369827313315014,57.37114401110935,-7.481894095524582,2976,1.0572230996816259
naive,42.10973120665322,60.6029284837593,70.85749475114328,-2.669200230846773,2976,1.3326544280772392
