model,mae,rmse,smape,bias,n,mase
gb,25.380152897926067,47.50438390617177,40.673878122030395,-6.200761901385078,2976,0.8036426759051047
rf,32.27255106017281,57.37132238123211,45.60904761956315,-4.952193901338222,2976,1.021885068879972
hw,35.30902715634696,61.094744545458155,54.75532807621658,-14.97152656726705,2976,1.1180327077482424
naive,48.5623319798387,80.3946961617296,63.10817366866125,7.877540334005376,2976,1.5376882313289246
