model,mae,rmse,smape,bias,n,mase
gb,26.53002239864934,50.35387286898699,39.06212611794896,-4.893627772607042,2976,0.8417874226801064
rf,27.233685453770487,53.6451100681775,37.85829173160629,-7.96723156537792,2976,0.864114381199214
hw,33.40444502935741,57.03355523580896,51.10047781647865,-17.298810643107217,2976,1.059910212844511
naive,41.490332661290324,67.02861163891562,64.51150845758227,-12.483618949596773,2976,1.3164723222723675
