model,mae,rmse,smape,bias,n,mase
gb,23.509057213475135,30.43413722157754,44.907096340201164,-3.7139503437142203,2976,0.71770219503658
rf,27.24269385450224,34.54962378001606,46.68390410613548,0.3283909594577925,2976,0.8316854649057865
naive,29.312627650873658,41.67371376195048,54.91407984027542,-5.311633099798389,2976,0.8948779619823873
hw,30.51176500328009,40.7778766378487,46.96767180918883,18.911091028058692,2976,0.9314861297263133
