model,mae,rmse,smape,bias,n,mase
gb,26.174790700821998,48.72808285589996,44.02696753670895,-4.061657207076467,2976,0.8303335401719788
rf,31.72690474686222,56.79809807836991,47.0484473012328,-3.3406409569979534,2976,1.0064612717737589
hw,36.039832603224966,61.642193926859534,57.52404733005354,-15.139818980948597,2976,1.1432787423091606
naive,48.2424764593414,80.22196938167106,64.8756093465492,7.55820901512097,2976,1.5303788566259795
