model,mae,rmse,smape,bias,n,mase
gb,24.67061472912845,37.50682907570894,49.1673365026427,3.467433208293146,2976,0.7804669085741311
rf,25.01545814764674,38.37111090722042,48.49742486273619,1.1527686118123475,2976,0.7913761980161708
hw,33.12389507194532,46.703188870839135,59.356312636269095,-4.561744975335767,2976,1.0478905479485938
naive,40.72457325907258,56.43939674763363,72.35701406695134,-0.5179266898521502,2976,1.2883417030132496
