model,mae,rmse,smape,bias,n,mase
gb,26.5043282765638,52.30456566932741,35.04612616339139,-8.024697094985651,2976,0.8305181118027031
rf,30.497253204645848,57.71139468209702,36.029513906535215,-2.8857682804429534,2976,0.9556371654620618
hw,31.627201826061743,58.627581706418496,42.11382141090354,-9.940720544495514,2976,0.9910443180486153
naive,50.96295698051075,82.17600226486047,64.53344588837562,-10.13725132392473,2976,1.5969338427173885
