model,mae,rmse,smape,bias,n,mase
gb,25.70567005138963,33.77704905202747,49.84746728012878,-2.0726770367984173,2976,0.7806694083531646
rf,30.665801845368243,38.24492241192743,51.825042758070495,1.8250428905258773,2976,0.9313063357399173
hw,34.242265030872005,45.69713484289478,51.824081415409125,21.979446960741516,2976,1.039921882171595
naive,34.7423588030914,47.48115625971302,61.86120179628383,-1.3788978891129033,2976,1.0551095006425055
