model,mae,rmse,smape,bias,n,mase
rf,26.103586361762687,35.89453479549421,44.420114960580875,0.5824939972501629,2976,0.8143143693431595
gb,26.200957562024477,35.332159546106794,46.4389057096804,-2.167057888566455,2976,0.8173519124008258
hw,29.912828810786326,41.34133504639276,49.01779741677995,5.410857837947516,2976,0.9331455835511682
naive,33.41322243481183,47.913018502400455,57.784269111351136,4.879949598118279,2976,1.0423421049370771
