model,mae,rmse,smape,bias,n,mase
rf,24.893052954648695,35.38330034238985,46.59382335690212,1.8235597517906401,2976,0.7789200155116441
gb,26.277773131614428,36.74656911669546,49.32221370670587,1.8876335078159165,2976,0.8222488214916279
hw,31.95860141115254,42.99878609329346,56.73553967174516,1.9228137794205429,2976,1.0000056783817137
naive,34.41617607896506,49.06583939776042,62.02231200089204,6.0728293175403225,2976,1.0769048077034977
