model,mae,rmse,smape,bias,n,mase
gb,27.12367940075292,49.06153562709117,45.70121479884654,-3.2089435361918324,2976,0.8608803073018548
rf,29.01148457307474,54.143078460537154,46.27309464824224,-5.445837333234964,2976,0.9207974842033532
hw,34.69401379171297,58.48870378669396,55.46191704719937,-11.227957589452965,2976,1.101155665986657
naive,44.5494220641801,69.03030930796888,69.23938408445784,-6.225188138776882,2976,1.413957140183083
