model,mae,rmse,smape,bias,n,mase
gb,25.418728881023466,33.110055776151206,49.20844226515535,-2.447920807113936,2976,0.7737551291250967
rf,30.08027065434625,37.581096380130774,50.92874064552814,0.9056184158119344,2976,0.9156541152475756
naive,33.53048380745968,46.365121096992446,59.37047357316374,-0.005094121975807573,2976,1.0206798282284246
hw,33.65923351488692,44.9894010646216,50.89044717997929,21.593295336806435,2976,1.0245990150202378
