model,mae,rmse,smape,bias,n,mase
gb,25.236876520486994,33.82895882909606,47.14851346321949,3.7936822774389487,2976,0.7611116924525547
rf,30.519127432611345,39.192773071177314,49.83334063489836,1.772764071366573,2976,0.9204175767771191
hw,36.74769567416596,48.57226006815811,51.8429093513568,26.216812603374834,2976,1.1082631729640116
naive,37.10684469825269,49.85989630203666,64.29712610068576,-3.7180342977150542,2976,1.1190946449705979
