model,mae,rmse,smape,bias,n,mase
rf,26.050890810369104,32.280105737075196,45.39080390007962,-3.880395409676423,2976,0.7910064742953227
gb,26.266986234803117,33.32102967462634,48.217554459664186,-4.7574565757027445,2976,0.7975679727499114
hw,28.79942876581607,38.60852306480607,44.27634673387729,17.567381594856286,2976,0.874462788070958
naive,29.039952927083334,41.69965274860658,53.57757101657209,-4.664966441196234,2976,0.881766038089231
