model,mae,rmse,smape,bias,n,mase
gb,26.775274071195668,49.89833809159253,41.66517995837797,-6.036014040623444,2976,0.8514781474761985
rf,27.90477504865519,52.593102780247186,41.97685298347317,-7.362617831227645,2976,0.8873973092111074
hw,33.665068919759705,58.12546656835015,51.65493421221326,-14.120671168405723,2976,1.0705799104888671
naive,42.48667339415322,68.20619268698148,65.042315162581,-10.291189494287638,2976,1.3511149823485034
