model,mae,rmse,smape,bias,n,mase
gb,26.53002239864934,50.35387286898699,39.06212611794896,-4.893627772607042,2976,0.8417874226801064
rf,27.233685453770487,53.64511006817749,37.85829173160629,-7.96723156537792,2976,0.864114381199214
hw,33.518996398775336,57.32228811859191,51.13470718802141,-16.683929316096897,2976,1.0635448838062551
naive,41.490332661290324,67.02861163891562,64.51150845758227,-12.483618949596773,2976,1.3164723222723675
