model,mae,rmse,smape,bias,n,mase
rf,24.22126334834281,33.50563266802845,41.11675547506983,-3.700908923912029,2976,0.7533932639251888
gb,25.21250590118941,34.59355785423875,43.292487542759694,-3.9986313462819743,2976,0.7842254897876656
hw,29.462910614318886,41.10735567061215,45.645422341633534,5.932653014163543,2976,0.9164327257924182
naive,31.83453292305108,46.58928056367535,53.99025907977565,3.1793111602822575,2976,0.9902011434953613
