model,mae,rmse,smape,bias,n,mase
gb,25.66829028174848,34.06763968219355,48.15550409101689,-0.6894077053087923,2976,0.784568322909785
rf,29.663894413469553,38.043146815993296,49.56031289613223,1.712133712047873,2976,0.906696614207193
naive,32.43479834576613,45.63015053280807,58.15770979896811,-1.1519288067876348,2976,0.9913911313426744
hw,32.55785772675747,44.15983884806394,49.38744350113055,21.18721032780165,2976,0.9951525229703568
