model,mae,rmse,smape,bias,n,mase
gb,25.300536404099486,36.031902525372146,47.67140997255226,1.2312921469222236,2976,0.7941529282688742
rf,25.524438439703147,38.39297509870014,46.54377119297012,0.39186385708603666,2976,0.8011809396272104
hw,32.339332900594016,46.20080085544252,55.977784909245834,-0.7629260629298789,2976,1.0150921510544468
naive,36.72912973487904,52.61718898687029,63.43680527876177,4.595467097782259,2976,1.1528825107042135
