model,mae,rmse,smape,bias,n,mase
gb,24.740432654605822,50.260692153634004,33.672521715486766,-4.8993177251520414,2976,0.7783252097247755
rf,30.584545985929275,57.24971984893807,37.58334510792976,-5.8151156530646295,2976,0.9621789360423257
hw,33.03638540326062,59.44180108569041,46.1260243053921,-12.022930603378692,2976,1.0393129318518382
naive,51.48881380981183,82.5013792124552,65.98552984917548,-7.744519467741934,2976,1.6198197649361281
