model,mae,rmse,smape,bias,n,mase
gb,25.47626245542117,35.81794288839316,41.62916424129755,-9.961767950027623,2976,0.7834020459834703
rf,25.67908123467789,34.786970652430064,40.119034341835665,-8.51074984109108,2976,0.789638778978022
hw,27.052016662832884,37.80614854885846,38.11858680687,12.995714911551442,2976,0.8318569193077446
naive,30.818813819556453,44.799392058652046,54.20262489813923,-6.650265476142473,2976,0.9476869632376786
