model,mae,rmse,smape,bias,n,mase
gb,26.418798522932217,48.89712193997509,40.92869103898213,-4.69087739226028,2976,0.8387769944317935
rf,32.331785255239026,57.42225204412421,43.86313781277632,-3.0055682452952954,2976,1.0265098784664042
hw,36.39306729951813,61.69711422324888,53.41586741260661,-14.271311732856415,2976,1.1554525305587504
naive,45.23611223924731,75.59202279075784,62.308131683218114,0.29957328763440905,2976,1.4362125601919251
