model,mae,rmse,smape,bias,n,mase
gb,26.860111014162833,36.545900476642295,48.29604292417889,-5.260110260643306,2976,0.8157100814112302
rf,27.430412613855307,35.9665566412,46.77011483701372,-3.8336962680333504,2976,0.8330294723872694
naive,29.36468746471774,42.90408253947288,54.38412281295039,-4.3983367106854825,2976,0.8917711319149141
hw,29.437941086267344,40.259723795400355,45.16520844396186,16.314775679407596,2976,0.8939957585207531
