model,mae,rmse,smape,bias,n,mase
gb,26.170973610151172,49.19814481804264,38.61390180026136,-5.137109348641044,2976,0.8314080084591805
rf,30.363412816033424,54.833377099165816,40.198314368455215,-4.971260003693031,2976,0.9645947818162386
hw,35.949351008273965,61.42951166035211,51.36293907421815,-14.882419585668167,2976,1.1420506845643654
naive,43.418575274865596,72.56280409615216,60.170980224954874,-4.5877015833333346,2976,1.379335432343608
