model,mae,rmse,smape,bias,n,mase
gb,25.8330175343327,33.56953821257479,49.517194153625425,-2.39638008376947,2976,0.7878724727305106
rf,29.144088098714736,37.10124911380622,49.350633775416235,0.6554671766934806,2976,0.8888556950535651
hw,32.70358321293216,44.160829850065944,49.6679049448358,20.590817278598156,2976,0.9974155337786965
naive,33.08103488541666,46.1576735044946,58.60541328853193,-0.11931454065860249,2976,1.0089273047958223
