model,mae,rmse,smape,bias,n,mase
gb,26.28743450228412,34.4497369116276,48.445764005285405,1.5389156184562263,2976,0.7957456211490296
rf,30.49615618954149,38.751163995200145,49.44987175312633,0.4861245689551276,2976,0.9231476258208436
hw,38.020064825977535,49.85591996421596,52.3590161620779,27.547350689154506,2976,1.1509034895910084
naive,38.23224120967742,51.629006212236234,67.03976819566257,-7.505715739919355,2976,1.1573262703391924
