model,mae,rmse,smape,bias,n,mase
gb,26.42306733239783,50.04552455201103,42.19254751347486,-3.4494150616814703,2976,0.8396311798550474
rf,33.33257539451903,58.16600705320513,47.23505442694062,-1.0970885583093464,2976,1.0591907916683032
hw,36.739381583434174,61.044414243379414,60.39355047422141,-18.27616011693472,2976,1.167446985544365
naive,44.97343749395161,75.52035794625193,62.76567614704703,2.424768172043009,2976,1.429096020918215
