model,mae,rmse,smape,bias,n,mase
gb,27.08546689798089,53.616921966818644,36.45789571563705,-7.505676360361518,2976,0.851030826387271
hw,32.30975857479492,59.03130307712522,44.03961784703429,-9.070901885716648,2976,1.0151791233227991
rf,32.659426839322414,59.51997801501689,39.18395141445035,1.526523635370732,2976,1.0261657706360274
naive,50.58620965893818,82.07749455137947,64.64840523223272,-9.398447550739247,2976,1.5894288982352798
