model,mae,rmse,smape,bias,n,mase
gb,24.417473520233763,33.857903706849946,43.10799229029379,-3.5963294522905858,2976,0.7562053096754147
rf,24.78271352640555,34.041299833603816,42.000794707265534,-0.4797813154682105,2976,0.7675167351488207
hw,30.34272446633582,41.82351142262521,46.835585917141884,8.934286521556766,2976,0.9397093983719242
naive,30.422170694892472,45.59522670913469,55.27649455109349,1.5323521330645162,2976,0.9421698355591887
