model,mae,rmse,smape,bias,n,mase
gb,25.965662896281575,51.59933584503764,39.43515533218633,-3.3061759132866433,2976,0.8151942573041339
rf,30.25254641480481,56.73428407348657,40.93691638880825,-3.2290077804104267,2976,0.9497813402525277
hw,33.68303022716622,59.720625747302364,50.74441996431606,-12.644678801481176,2976,1.0574816795345372
naive,51.391159269153235,82.78792825697934,68.75417279532408,-5.164042335685488,2976,1.6134299393687053
