model,mae,rmse,smape,bias,n,mase
gb,25.486773427803787,33.71044855309914,48.316371691061036,1.3672640810628935,2976,0.7737552981277753
rf,30.637266465359893,38.58848243808205,50.247224809657695,1.7445046485748799,2976,0.9301195898678877
hw,39.04436206513554,50.51318330887452,54.18803442989481,26.969426702825302,2976,1.1853513782549066
naive,40.693165257728495,54.31345456273355,72.96993406351672,-10.39059140356183,2976,1.2354075459943288
