model,mae,rmse,smape,bias,n,mase
gb,24.805261002717028,32.09542287060736,45.6848766581437,-4.2705235934821815,2976,0.7546255396044002
rf,27.264874072403384,33.85454626133188,46.563298124693134,-3.566012393347822,2976,0.8294518774416354
hw,29.083384669360022,39.08278196418349,44.03590114630005,19.237283718144568,2976,0.8847745987125146
naive,29.107059767137095,41.630155359528246,54.082545393337,-5.689580008400538,2976,0.8854948424315084
