model,mae,rmse,smape,bias,n,mase
gb,24.30682994361245,34.54780085945505,43.630787559383755,-3.191124934898452,2976,0.7535344235857362
rf,25.640258677802425,35.21974583918845,43.66269674922756,-3.608395552539694,2976,0.7948719593705926
naive,29.572345416330645,45.036159540820684,52.69300038318998,3.976733860551076,2976,0.9167703196618988
hw,30.3491743536745,41.95343641190971,47.04562081543399,9.087624812238422,2976,0.9408527420462274
