model,mae,rmse,smape,bias,n,mase
gb,23.863148063869694,30.901145124849002,46.18628236859796,-4.216705612528851,2976,0.7271855507175063
rf,27.406825036647,34.5807640008486,47.771091817871294,0.8127609344389503,2976,0.8351725893142963
naive,28.542335309475806,40.97548141621509,55.238366174631516,-6.129586732190859,2976,0.8697751765706945
hw,30.593225676934374,41.262319729955365,47.12322057544553,19.98285953337667,2976,0.9322722887425637
