model,mae,rmse,smape,bias,n,mase
rf,25.22457832633045,35.21299757544695,46.55289108830024,2.7596059406008697,2976,0.7874719186622883
gb,26.749119352851462,36.26766074796505,49.028425192901125,-0.05754794283915445,2976,0.8350657072165536
hw,30.422196015608534,41.853460984133754,53.23284515492733,4.085739275996828,2976,0.9497334209676189
naive,33.388615591397844,48.18282573559878,60.45924553517526,4.918985232526882,2976,1.0423404047071962
