model,mae,rmse,smape,bias,n,mase
gb,27.08716407293268,51.14331964670681,37.06250207419605,-6.506102620386872,2976,0.8506184839671384
hw,29.64815175434942,54.778877418264045,42.205905638433535,-7.2266356177904685,2976,0.9310412057094286
rf,30.337182892099126,54.442386000460964,37.922967110221315,-0.3290279303112056,2976,0.9526788574111983
naive,46.47517470698925,78.34402591212846,58.21525609006356,1.6325537815860214,2976,1.459460375583237
