model,mae,rmse,smape,bias,n,mase
gb,25.655972742864833,48.530809876158614,41.46349368786756,-6.634454531541565,2976,0.8081839550814006
rf,30.565429817603917,55.508323999361096,43.45620103625612,-3.469571077392743,2976,0.962835835785026
hw,35.637329934109616,61.26130385086774,55.09377249208304,-15.434578227608542,2976,1.1226048040879475
naive,49.87789984408602,81.12540520680095,64.99092033712617,4.791145846102151,2976,1.5711943090662253
