model,mae,rmse,smape,bias,n,mase
gb,26.189248760901986,49.920271357794924,42.16169909552943,-3.2595794948829284,2976,0.8304425868866314
rf,31.211650220512187,57.08121866718146,45.880880061639274,-3.2886813713056786,2976,0.9896993910271348
hw,35.51234610948508,60.01238092689502,59.388573360979166,-17.472246361406302,2976,1.1260714210940386
naive,45.07203628326614,74.91163927611316,62.78644687365965,3.8640457207661303,2976,1.429202446738473
