model,mae,rmse,smape,bias,n,mase
gb,25.723005821077397,36.32478282803338,49.552175478294565,1.684900179666046,2976,0.8093076981739303
rf,26.886069565765958,39.63117783375603,49.083982611147796,2.3342251499446154,2976,0.8459004839700666
hw,32.83110199255188,46.436432147094024,57.860372505410304,-1.2341443938206518,2976,1.0329455183784897
naive,38.43131723588709,54.39062605653612,67.40762796464963,2.3186962668010747,2976,1.209141773955605
