model,mae,rmse,smape,bias,n,mase
gb,23.810274160645818,31.54938836792449,46.74692427719256,1.4007084538890129,2976,0.7179809637868905
rf,27.768224543468474,35.60042948969562,48.194928882383735,3.8213812672522356,2976,0.8373299898126633
naive,35.887378975470426,48.49204510139891,63.38066394235263,-1.3600672429435485,2976,1.0821570037686106
hw,36.39811807226898,48.35070739259628,52.26011012870734,25.508416004638015,2976,1.097557958267873
