model,mae,rmse,smape,bias,n,mase
rf,24.045480326801343,33.44622052319096,40.75487005457798,-3.457159894277681,2976,0.7462432517147305
gb,25.12906721310811,34.39851347752349,43.7034708795501,-5.512060319578598,2976,0.7798719998438209
hw,29.57785758722464,41.07872355414769,45.5286673156675,4.940218504196588,2976,0.9179386863835586
naive,30.93179436323925,45.81621712534634,52.878045669022576,2.78490591767473,2976,0.9599576508050401
