model,mae,rmse,smape,bias,n,mase
gb,24.407678385112693,32.40526523659997,48.07435692319704,0.742314070993938,2976,0.7386823325177265
rf,29.113618863431263,36.63818610647819,50.52624119099748,4.433262655356942,2976,0.8811045258277724
naive,34.77479160215054,47.57084051419962,61.98988758265847,-0.023427452284947997,2976,1.0524361952082404
hw,35.5295735453782,47.14592019251541,52.73919648138447,24.0627169050542,2976,1.0752791742728014
