model,mae,rmse,smape,bias,n,mase
gb,24.8896114720901,33.36950349517692,46.73574765706983,-2.196216402799554,2976,0.762205618723259
rf,27.888456270374743,36.47590613454745,47.357755951922066,3.1309509347715383,2976,0.8540405739412091
naive,31.32570561827957,44.37820301070923,57.01677569451794,-2.7811895685483865,2976,0.959300986256754
hw,31.55925509507123,43.824487717241,48.100887473175355,20.884302403574942,2976,0.9664530755394691
