model,mae,rmse,smape,bias,n,mase
gb,25.48127252073934,36.160605049029115,44.56025181905776,-9.278784345893003,2976,0.7816897507789402
rf,27.021182783635293,36.28499248798519,43.3788668240179,-8.518245763132347,2976,0.8289296234597628
hw,28.038206736819845,38.52864598323174,41.11275719851915,12.995326173713886,2976,0.8601288973521476
naive,30.642123630040324,45.34605930416222,54.86720816079348,-6.672231185819891,2976,0.9400093329015857
