model,mae,rmse,smape,bias,n,mase
gb,25.917799586601827,51.820512312528805,34.23684241726473,-6.842990325794351,2976,0.8128310400795232
rf,30.159948853239452,56.10547871699141,36.50244835671223,-4.891280444142922,2976,0.9458728358944799
hw,31.712135776056854,58.63500517736138,42.362413993851284,-10.653510742556216,2976,0.9945523430669838
naive,50.96705305107527,82.16845989079961,64.6560218146997,-10.288114896505373,2976,1.5984228368950617
