model,mae,rmse,smape,bias,n,mase
gb,26.858299179437616,51.99683202103591,37.865246957903,-6.970666725971708,2976,0.8419451222097198
rf,30.52942295995403,55.99911080428573,40.547740778031624,-0.26622839228384776,2976,0.9570263021230125
hw,30.7026176813805,55.568035617160774,44.98923810690931,-6.32614627664926,2976,0.9624555532428721
naive,48.70809137466398,80.08153142814504,65.2956315097508,-7.09530910047043,2976,1.5268852160392965
