model,mae,rmse,smape,bias,n,mase
gb,26.99920341192019,52.98917455270949,37.27563612976161,-6.484800135054879,2976,0.8469321294099994
hw,29.70780034608603,53.41569295570115,46.711023534258956,-8.240307990809425,2976,0.9318975165055932
rf,30.947102409889318,57.34401726845558,39.81917961625365,2.2497262767640906,2976,0.9707729129336123
naive,49.29032927217742,80.36780623321815,65.66022019758064,-8.160840018145159,2976,1.54617759986854
