model,mae,rmse,smape,bias,n,mase
rf,24.83685181058663,33.95080404318542,39.27076887662208,-7.780265063028356,2976,0.7644951155051434
gb,25.784737217081734,35.089556166571924,43.14497634274468,-11.297961976270464,2976,0.7936716701204602
hw,26.931844157553687,37.74849844656466,37.7567710665184,13.033169958308214,2976,0.8289803984424232
naive,31.875796357526884,45.68596262556461,54.73725201521581,-6.8251243366935475,2976,0.9811585946564604
