model,mae,rmse,smape,bias,n,mase
gb,25.686223913887623,34.61840138072886,47.39856267688071,-6.927766042293423,2976,0.7838267140246539
rf,26.705176941062614,35.20781121735863,45.70046714621866,-4.118395371280373,2976,0.8149205254666786
naive,28.199848757056454,41.52100681145937,52.893448717911106,-3.0183703000672026,2976,0.8605311104247226
hw,28.735610948771964,39.333953183145404,44.680538635457,14.583060188777003,2976,0.8768801354756164
