model,mae,rmse,smape,bias,n,mase
gb,25.911003255769213,49.622618945288764,41.096134126435274,-4.8130427542143694,2976,0.8164371146454539
rf,32.06694773450462,58.56753282839773,45.543073540569935,-1.4936179517578816,2976,1.010406506664935
hw,34.160297402783875,59.89236072797419,53.920234088408115,-12.228603184491016,2976,1.0763664521847363
naive,51.54413305981183,82.92126983206899,70.31354823851194,-1.4446236599462332,2976,1.6241186362741178
