model,mae,rmse,smape,bias,n,mase
gb,26.072604521242372,51.21180951603431,41.29265330404369,-4.524411403169895,2976,0.8281067709913841
rf,31.75235083012667,57.042563363706144,46.481190189678045,-3.329829931295574,2976,1.0085044129710465
hw,36.114811531542294,60.3520607568399,59.85300284362294,-18.632362406262406,2976,1.147063000091976
naive,44.03208333064516,74.0017954207028,62.67933316354291,1.6147043319892458,2976,1.3985279574680027
