model,mae,rmse,smape,bias,n,mase
gb,26.235618008374193,35.50610139458294,47.55695609587728,-5.655298905637623,2976,0.7979307538397643
rf,26.38785020483239,34.93317603981357,45.765688009523444,-4.309571605963086,2976,0.8025607477373657
hw,28.42873562776884,39.312647684007565,44.299990712919715,15.021951239908548,2976,0.8646322889339355
naive,29.436431423051076,42.94152195399844,54.799592594015344,-4.366122317540322,2976,0.895280374498913
