model,mae,rmse,smape,bias,n,mase
gb,24.110054205390814,32.75754823619,45.833612369876455,2.286658609693545,2976,0.7260021521025641
rf,28.702702358647148,37.04251661389747,48.17772566382635,3.501244168752265,2976,0.8642960113659933
naive,35.931317142809135,48.57698963298302,62.61410384384715,-2.014435509744623,2976,1.081964119671142
hw,37.51176281553635,50.615292455110904,51.81820999091419,28.227258539176276,2976,1.129554512870034
