model,mae,rmse,smape,bias,n,mase
rf,25.16462869097491,38.01986528778616,48.99166603206837,2.4749571589328316,2976,0.7939999893050451
gb,25.387464076619132,37.26264434784773,50.149598035874455,2.3976886167876934,2976,0.8010309412014962
hw,33.147995017900136,46.63617237762779,59.80259668569333,-2.4983327458739035,2976,1.0458929481099666
naive,39.716058480846776,55.73240086095617,71.09810927867794,1.0273085157930106,2976,1.25312995459935
