model,mae,rmse,smape,bias,n,mase
gb,26.027206397283916,50.92701975104571,39.26111090045825,-5.497019198160406,2976,0.8255997545308573
rf,26.598752075216765,52.123796366020336,38.50706734870288,-6.146303706481032,2976,0.8437295516439957
hw,33.13681235296706,56.807913747467325,51.73145227410332,-15.570254816385743,2976,1.0511210356943888
naive,41.231021513104835,66.90594250066539,64.92270912419633,-11.494778219422043,2976,1.3078745648179955
