model,mae,rmse,smape,bias,n,mase
rf,25.27929230531887,38.408728684779774,45.638537726646106,1.7754414958921543,2976,0.7917691373685014
gb,25.364906160609824,36.24377319705575,47.92299896800717,0.7847548624586712,2976,0.7944506368160255
hw,32.49831231502124,46.31764054935826,55.588807506171065,0.3105998277256115,2976,1.0178750416277502
naive,35.74981522311828,51.92307663101756,61.98617865284116,4.940305809139785,2976,1.1197149041366188
