model,mae,rmse,smape,bias,n,mase
gb,25.813353407203547,49.34326312321497,41.716142118792895,-5.670588267955099,2976,0.813044673346947
rf,33.5241589166852,59.05113172624676,46.37491154011592,1.5958262518338848,2976,1.055912356898238
hw,34.31259322453926,59.857002341724176,53.081956591133604,-11.828672442648823,2976,1.0807457175303303
naive,52.398235868615586,83.34569469063946,70.61149139592622,-0.2722950225134389,2976,1.6503902415819471
