model,mae,rmse,smape,bias,n,mase
rf,24.507196638074156,34.03526257194086,46.05627479945336,0.7358531521672107,2976,0.7679192199568871
gb,25.858541461199604,36.068851932400754,48.01962503814532,1.9414232729480871,2976,0.8102628497809149
hw,31.78090849865601,42.99019144937718,56.29328743944883,1.5202369347818863,2976,0.995836889230059
naive,34.599237228494616,49.19497813156309,61.3301618075952,5.246448282930107,2976,1.0841476345087495
