model,mae,rmse,smape,bias,n,mase
gb,25.914394059820886,34.18559368833111,46.18702149465343,-2.2783010659673595,2976,0.8129496818136979
rf,28.84393722022248,40.479045004697596,47.99267002505705,-6.010233529469624,2976,0.9048511623040516
hw,29.944270744380876,43.29101234960684,53.58374260478583,-8.016437299359618,2976,0.9393692678128516
naive,35.85885752688172,48.34741080609411,61.772053225804555,3.7428091397849466,2976,1.1249133107024578
