model,mae,rmse,smape,bias,n,mase
gb,23.921469151856066,32.21496645537357,44.88470974118882,-2.914976086798034,2976,0.7506565173779705
rf,28.279677393384162,39.69612689542902,48.08542574802699,-4.966732108476254,2976,0.8874172405520157
hw,30.666812990447124,44.13181195830884,58.308552180589636,-8.796237072752039,2976,0.9623256369563071
naive,36.55037634408602,51.41318466168431,61.28148220590889,7.983279569892473,2976,1.146952055541996
