model,mae,rmse,smape,bias,n,mase
gb,23.866189388281494,33.468759018623004,42.25396199098549,-4.469718136208513,2976,0.744242031119153
rf,26.3529005273778,37.89089490153252,45.86059520320273,-2.702146712513719,2976,0.8217875042928626
hw,30.391202863603628,43.74885577551338,58.478247909883905,-7.382382528816263,2976,0.9477177181233808
naive,39.82967069892473,55.57935911659857,65.03723985838661,-0.38456317204301105,2976,1.242046417109624
