model,mae,rmse,smape,bias,n,mase
gb,27.17175577065916,35.91064269320701,56.92207016020212,-5.0387529062931735,2976,0.8529284048162753
rf,27.17451778427364,36.0951444742807,55.032697345987614,-2.6983133112196627,2976,0.8530151051342879
hw,32.82613214206748,44.74904285735324,65.24326704862328,-6.333357042711276,2976,1.0304207339613765
naive,42.1454939516129,53.93805946612998,77.4986448934637,2.05161626344086,2976,1.322957898994509
