model,mae,rmse,smape,bias,n,mase
gb,27.408548930395213,36.37966688751958,54.211114765115255,-7.875430155327818,2976,0.8534487950035714
rf,27.502947557378125,35.893963877073645,50.84350956652348,-4.445346701877404,2976,0.8563881842668686
hw,32.223621042304195,43.15653633217318,58.731244986254794,0.07017283360256267,2976,1.0033807560935222
naive,39.57193212365592,51.74409258949224,68.68384705701574,4.47818884408602,2976,1.2321928414621213
