model,mae,rmse,smape,bias,n,mase
gb,23.796118272841316,34.65833611948334,33.437659491759305,-3.5943856493270268,2976,0.7381037392837738
rf,25.455896459684705,36.07164381671958,37.20863378255807,-4.196832592818844,2976,0.7895864421365727
hw,33.39480670921381,49.81298960577234,54.42046575157092,-9.144485278217495,2976,1.035834139926152
naive,40.1102251344086,56.27733224812987,57.075582455999616,0.8963340053763434,2976,1.244131787200351
