model,mae,rmse,smape,bias,n,mase
gb,24.048477241510522,36.11316640728638,36.050740735123355,-5.490894066736816,2976,0.7481478047297145
rf,26.20592792994964,37.07400137061175,38.911142041484105,-5.271690355588702,2976,0.8152660667368501
hw,30.79387405882917,44.89655669510079,52.325944398505676,-5.745830523326176,2976,0.9579970093270352
naive,40.068931451612904,56.352793945080194,59.96215412388211,-4.858662634408601,2976,1.2465439205291935
