model,mae,rmse,smape,bias,n,mase
gb,26.183822813094203,35.09199668139123,48.84668680445577,-6.743198639026542,2976,0.8183205456855579
rf,26.268390251498243,35.86864012959953,47.00278410981974,-6.85244075572501,2976,0.8209635238647188
hw,31.07687598468961,43.402394162382805,56.88420759835917,-10.012300241736474,2976,0.9712426751251908
naive,39.051458333333336,51.5338827846844,68.34336727862588,-3.880443548387097,2976,1.2204715453989805
