model,mae,rmse,smape,bias,n,mase
gb,30.72699390597708,38.911603889171225,61.8398130033469,-19.27029744366734,2976,0.9448173238345112
rf,30.965040782096498,37.2336877544287,59.65272962028756,-6.080916123625119,2976,0.9521369729069369
hw,33.48282928732343,43.119904790282305,61.02552809139026,17.685006807811597,2976,1.0295558771046256
naive,36.710299059139786,49.63704346931835,71.6912982485424,-5.437758736559141,2976,1.1287966086221706
