model,mae,rmse,smape,bias,n,mase
gb,28.656512003259238,35.80821786588027,60.54603858841543,-13.054331178090374,2976,0.8813472348324914
rf,32.128802826356505,38.17379870143902,61.440859094586344,-2.5405399341735775,2976,0.9881395030304826
hw,34.29556603420388,44.357488571058276,62.4357947267594,22.258188516051813,2976,1.0547795310128087
naive,37.468995295698925,50.62817469569166,74.43556401350777,-4.87841061827957,2976,1.1523801428471125
