model,mae,rmse,smape,bias,n,mase
gb,27.897546861571442,34.58659990062264,60.200269367037095,-9.674007836676738,2976,0.8478831714702703
rf,30.92803771152802,37.07021494510245,60.306532921247936,-1.3113656583860736,2976,0.9399881226949343
hw,36.61467423008876,47.43245146832119,64.49794283083114,24.4756952135777,2976,1.1128206455787883
naive,39.63524529569892,51.92842334252075,78.39551864428445,-6.752772177419353,2976,1.2046241072763024
