model,mae,rmse,smape,bias,n,mase
gb,24.337386212973502,35.814708963914676,33.960417906461096,-3.373149178100664,2976,0.7575546802750109
rf,25.50420824872975,36.194461268194445,36.97651508659154,-4.4351895652545315,2976,0.7938745827698798
hw,30.05076192662821,44.261865507062076,49.665232465525115,-5.3197665645145715,2976,0.9353960669454282
naive,40.41813508064516,56.44627054554928,57.27978167463272,-1.6718985215053774,2976,1.2581033612396857
