model,mae,rmse,smape,bias,n,mase
gb,23.982444727530883,32.03524208878677,42.84041161429059,-4.756783229894838,2976,0.7476686144450061
rf,28.038676992565982,40.26241311186005,46.09236512060358,-4.422177720352172,2976,0.8741243445392981
hw,31.577306104472324,45.41809750269888,59.29874151124813,-11.029156986756925,2976,0.9844434531703125
naive,40.61107190860215,55.82818793565454,65.18440958767653,1.5443178763440852,2976,1.266077091389055
