model,mae,rmse,smape,bias,n,mase
rf,31.265073919517622,39.2370080171346,49.70590464711936,-13.096209180318649,2976,0.9670244255782909
hw,33.11426293002165,43.555484117597736,49.561749587994655,14.281566496716588,2976,1.0242195867114952
gb,33.731192177354224,42.87779660331612,58.10556943693229,-26.56014102475978,2976,1.0433011232707865
naive,41.5102688172043,54.76196119465051,71.81823684422686,-13.00182123655914,2976,1.2839068911811726
