model,mae,rmse,smape,bias,n,mase
gb,27.20252484805169,36.12675719110917,47.64663894439617,-12.17216081959552,2976,0.8435697633358367
rf,29.779568521798968,38.40210237129112,48.12978399655359,-7.062982781472089,2976,0.923485731949493
hw,31.780566062343016,42.50652855244491,50.51835993485037,5.700101256756192,2976,0.9855380977185194
naive,37.49707325268817,50.19250758470958,62.65590070902085,2.7241633064516133,2976,1.1628110767748165
