model,mae,rmse,smape,bias,n,mase
gb,26.775789702180322,33.78955891187349,62.8958329151931,-10.172043724478577,2976,0.8182251749124382
rf,32.50369191763585,40.23030410242641,62.83944602268896,-1.0041579908546234,2976,0.9932606769182224
hw,38.23315344337415,49.73901387001482,66.44048456771745,25.272243978397647,2976,1.168343828944531
naive,41.90548387096774,53.56518415126193,90.62888924959161,-13.560463709677418,2976,1.280564355019598
