model,mae,rmse,smape,bias,n,mase
gb,30.556867602552273,38.24146585546725,60.40276161653744,-19.383286771522457,2976,0.9405257345193453
rf,30.959244525894608,36.770853392851684,57.80825348192761,-7.2512621753424344,2976,0.952910703302879
hw,33.745158224222116,43.355831128924336,59.62332560455283,17.47921535624293,2976,1.038659791249581
naive,37.157852822580644,50.05320238222923,71.2095515326315,-4.976381048387096,2976,1.1437008947932985
