model,mae,rmse,smape,bias,n,mase
rf,31.48909696715564,38.971686178092384,52.04479970913315,-10.877648758340488,2976,0.9702995207513886
hw,33.721777763064296,43.8699563125957,54.326279172693305,13.738927986577897,2976,1.0390969558928473
gb,34.23993082461461,43.457027689428315,60.569697467656795,-27.060464153669635,2976,1.0550632336118477
naive,39.62943212365592,53.36065954738556,71.57753097075576,-10.923995295698925,2976,1.2211343830323365
