model,mae,rmse,smape,bias,n,mase
gb,28.590690669605294,35.99089440195406,60.3869927158911,-15.414568395549635,2976,0.8785980374912793
rf,31.689625029302114,37.497685798222406,61.24434637168362,-4.910049302628703,2976,0.9738289529737946
hw,34.29749279366109,44.322122694332656,62.6180779178806,21.63521760389076,2976,1.0539692869825288
naive,37.18631384408602,50.31785725869279,73.69132077984617,-4.452704973118278,2976,1.1427433755450378
