model,mae,rmse,smape,bias,n,mase
gb,27.554643700398177,36.35217032270217,50.82735936359427,-10.175843255279544,2976,0.8570169328214847
rf,28.410758460800718,37.1782600335595,48.390927613867476,-4.918955988495908,2976,0.8836441995022287
hw,31.908545702816536,42.57967205415761,53.45162914269711,5.268607398836957,2976,0.9924339529248505
naive,39.013410618279565,51.35607043898647,66.37047076048643,4.531199596774193,2976,1.2134126599684518
