model,mae,rmse,smape,bias,n,mase
gb,26.163330507764464,35.12320380176022,51.25837270879592,-5.996023302261822,2976,0.8137728679471519
rf,26.251555897950613,35.433474210260044,48.87605992397518,-3.65588230174638,2976,0.8165169921623863
hw,31.843261813058273,42.96693494840998,57.62941406682918,-0.5279570223157595,2976,0.990438984161983
naive,39.96159610215054,51.94488007197826,69.3801395297367,5.107825940860214,2976,1.2429481276530119
