model,mae,rmse,smape,bias,n,mase
gb,24.423846159647447,35.94047362870749,37.80567420990796,-4.78218973752402,2976,0.7620630538384654
rf,26.65876549374022,38.00724304927643,42.757805294405046,-4.447720455499563,2976,0.8317961106915369
hw,30.97029535267572,45.20499075853111,55.35806960605266,-5.685914783919091,2976,0.9663227364137628
naive,39.8774126344086,56.27981872661405,62.47127968524715,-6.168797043010754,2976,1.244239038057906
