model,mae,rmse,smape,bias,n,mase
rf,27.158148034127112,36.13702256123958,55.37909870900304,-1.0689491822973514,2976,0.8508989173537059
gb,27.747073600791865,36.44744066931477,57.79462642121304,-6.616420950357268,2976,0.8693506956725827
hw,33.43675487911918,45.10476583327558,66.19850760190101,-4.714517310867566,2976,1.0476155623981303
naive,41.50342405913979,53.32888824144516,77.09768507124066,3.8606350806451615,2976,1.300354448102148
