model,mae,rmse,smape,bias,n,mase
gb,30.908951479174146,39.06455326676764,61.49257060580179,-19.469724022156072,2976,0.9496231035117272
rf,31.62987443016698,38.64914042925487,58.72858387207839,-6.4348798809684205,2976,0.9717721916351442
hw,34.48999492509858,45.03763323533271,60.62223012969324,16.757680103274627,2976,1.0596443571676584
naive,37.55979838709677,50.750137554106715,72.03377245986253,-5.419153225806452,2976,1.153958662611437
