model,mae,rmse,smape,bias,n,mase
rf,27.091502291328183,35.716686726818374,50.345628297751354,-3.2961909666917975,2976,0.8421440496041852
gb,28.05737054561384,36.91060059245103,54.21162706144407,-7.734001178811126,2976,0.8721682318847158
hw,32.82255044369829,43.62596017470344,59.582886813953486,1.408087274294089,2976,1.0202946758637867
naive,39.475084005376345,51.6472731805129,69.54103595056826,5.269553091397849,2976,1.2270898359665399
