model,mae,rmse,smape,bias,n,mase
gb,23.30985420058721,31.39579970552173,41.40154524432556,-3.6495035564095106,2976,0.7266118672933104
rf,26.429103568959793,37.90472351679925,44.617948399122746,-3.7760979867709072,2976,0.8238447194854783
hw,31.751093304223485,45.50760523208154,59.64159431648815,-11.007569924986045,2976,0.9897411196078938
naive,38.34106182795699,53.05924490060185,62.054604599650744,5.409415322580646,2976,1.1951627963472324
