model,mae,rmse,smape,bias,n,mase
gb,30.702535752870713,38.65962105712837,64.14535270544035,-18.686255778301646,2976,0.9455960770848203
rf,32.488470856856786,38.519208978919046,62.25743778353018,-3.747928144331732,2976,1.0006004337884649
hw,33.979062476396834,43.540769992859026,63.66839501013947,18.594124387217057,2976,1.046508615422641
naive,36.114341397849465,48.9059093287458,73.86143488241488,-6.033716397849461,2976,1.1122722835398169
