model,mae,rmse,smape,bias,n,mase
rf,31.658820951607193,38.26021369702331,57.736656078090775,-6.08406293574387,2976,0.977337191806608
gb,31.695428156760773,40.06761228649549,62.14888779690857,-20.986629259635738,2976,0.9784672902123376
hw,34.12466572100891,44.341371754526875,60.38654398188451,15.094826392192012,2976,1.0534601088931885
naive,37.475823252688166,50.627652315692615,71.83844420550672,-5.194687500000001,2976,1.1569134527912246
