model,mae,rmse,smape,bias,n,mase
rf,28.924298032226478,37.12030239098154,48.900539437602376,-7.2862897805544735,2976,0.8934713063698165
gb,29.47964639150794,38.24696246767051,53.132606558654196,-18.377317032227168,2976,0.9106260121989678
hw,33.07449211828119,44.2342365196168,52.09008692258711,10.662393142617354,2976,1.0216707644041714
naive,39.827133736559134,53.96537167187992,70.48116842157002,-4.311145833333333,2976,1.230259803329434
