model,mae,rmse,smape,bias,n,mase
gb,28.141384020201883,35.60304211112552,60.01545530148804,-13.098814686037407,2976,0.8608539841273806
rf,30.404138761458956,36.95171112074914,60.6358631684204,-0.24374634953341062,2976,0.9300723790974336
hw,36.40398709150941,46.48828517268735,65.84657134718996,23.78429850367221,2976,1.1136096683571282
naive,37.84045698924731,50.68693601173841,76.00586740156696,-3.5278158602150533,2976,1.1575517443281966
