model,mae,rmse,smape,bias,n,mase
rf,26.69597753911316,36.23506667222863,48.9086748109528,-6.770715375627857,2976,0.8334865642460086
gb,27.196495374705492,36.40353121577741,51.35025822649234,-6.032772149888106,2976,0.8491134462554981
hw,32.16266321350181,44.481647743316685,59.20404009956927,-7.934333547162325,2976,1.0041643022641549
naive,40.88980510752688,53.28919001996437,71.04452689845913,-1.6319959677419367,2976,1.2766381422754842
