model,mae,rmse,smape,bias,n,mase
gb,23.28431167322222,33.55928979626056,35.3822826038883,-7.330433262581972,2976,0.7222695360590313
rf,26.271089325883946,37.96974166816519,39.30162478220002,-6.180784508373252,2976,0.8149181202119565
hw,27.6044091949972,41.19278595568537,46.49684064692291,-4.62587512700874,2976,0.8562771406888307
naive,39.885141129032256,55.635041052167324,60.31251043218763,-9.33809811827957,2976,1.2372202701634993
