model,mae,rmse,smape,bias,n,mase
gb,28.900180625706177,37.03132679936154,59.57428384818104,-17.83871013287013,2976,0.8878850066256798
rf,32.45024588672412,38.64422049127132,62.06391243381378,-4.077105633813299,2976,0.9969517892393781
hw,33.348180107095644,42.82686044520978,62.962734276756436,17.774345178393784,2976,1.0245385486970282
naive,35.071747311827956,47.597049812710615,73.12911462603616,-7.280961021505376,2976,1.0774907948720003
