model,mae,rmse,smape,bias,n,mase
gb,27.539666299797748,34.39088071599898,57.99168947102926,-12.958684016096749,2976,0.8478698816703174
rf,30.28538688402049,36.64178154252688,58.598941669154115,-3.740647686100674,2976,0.9324029969775928
hw,33.8962488237143,43.76215863717711,60.67551323630668,23.43627923634782,2976,1.0435714131888862
naive,37.38380712365591,50.57440759975207,73.86596240445662,-4.968901209677419,2976,1.1509436525943992
