model,mae,rmse,smape,bias,n,mase
rf,28.630567699384322,36.67153008885362,48.72273941357777,-7.133042729404331,2976,0.8849546164885778
gb,28.98973801504308,37.79686154955611,52.410303889520534,-15.665002237056529,2976,0.8960563673265366
hw,32.60335272492893,43.80100267820828,51.52062812630085,9.750014417506229,2976,1.0077511493965856
naive,37.39717741935484,51.28405611453856,65.14465579007724,-0.2900067204301075,2976,1.1559255530099788
