model,mae,rmse,smape,bias,n,mase
gb,27.715565755164466,34.76333009118904,60.53103930770041,-12.420720211406861,2976,0.8424315371857295
rf,29.230593696587256,35.354983071368,57.890678430148526,-3.9322216860006325,2976,0.8884817361550329
hw,37.309093202116365,47.799309847748276,64.38501308233482,26.090992077985756,2976,1.1340326592975238
naive,39.96836693548388,51.896648838034615,81.59287340982814,-10.59547043010753,2976,1.2148629074977064
