model,mae,rmse,smape,bias,n,mase
rf,24.40655096765439,33.137024183823364,42.76636613881901,-6.263107135755984,2976,0.7636974512779489
gb,24.88962653553846,32.79265668684825,44.17698102659556,-6.2104892025135925,2976,0.7788132118152178
hw,30.946480541737795,42.236282033527374,56.47091144000598,-10.910737374487264,2976,0.9683362613205454
naive,37.32739247311828,49.6988484964016,68.8169721960362,-8.21646505376344,2976,1.1679993020050958
