model,mae,rmse,smape,bias,n,mase
gb,25.013769261422947,34.45504128017453,43.04881924757951,-3.8543527568773546,2976,0.7868155702886179
rf,25.774113696573636,36.64989561265936,42.418776281433765,-9.350780700552534,2976,0.810732431202559
hw,30.798080895168162,44.55596546519919,53.944467938432005,-13.69278863382112,2976,0.9687628173934882
naive,37.05320228494623,50.25562928968674,62.65898353575555,-4.774210349462366,2976,1.1655195257522344
