model,mae,rmse,smape,bias,n,mase
gb,23.496454088836657,31.6475238785039,43.181869298998485,-2.865706975221183,2976,0.7373753776587785
rf,26.24454719400953,37.20987529060378,46.46942546233279,-3.6555572106827197,2976,0.8236171647644797
hw,32.332183745253566,45.5073570495568,63.47274431649219,-15.137803688463327,2976,1.0146618766197741
naive,34.01726814516129,45.98012264074331,59.8705049511454,4.4050504032258075,2976,1.06754388771264
