model,mae,rmse,smape,bias,n,mase
gb,27.468982878840684,36.639350309846506,49.84020137381822,-13.791330924101896,2976,0.8498203739678283
rf,28.772209997866344,37.60353281581492,47.51655774538527,-9.475473707989106,2976,0.8901389020524089
hw,31.633896313740284,42.72733552117805,50.28630255542659,5.678043994550305,2976,0.9786721887001614
naive,36.86735887096774,49.73054252075481,61.90721446938058,2.136680107526882,2976,1.1405821919626256
