model,mae,rmse,smape,bias,n,mase
rf,27.354235226721055,36.017352403988966,50.180934508355534,-2.3332718039432723,2976,0.8497984995679472
gb,28.28812840544952,37.07894444246641,54.284255474079266,-9.669013859716433,2976,0.8788112288752151
hw,31.576400099342337,42.13388880087361,56.780522605971214,3.515895998517244,2976,0.9809660991715772
naive,38.55816532258064,50.95012670336266,68.38915072659734,4.1394422043010755,2976,1.1978646365230374
