model,mae,rmse,smape,bias,n,mase
gb,30.73248603734103,38.7427413850435,60.65374705109067,-20.125808684962625,2976,0.9459028146814261
rf,32.525893990039165,39.17835132738308,59.26631844884541,-6.2331495493708475,2976,1.0011013960219675
hw,34.054697650062025,44.35578133814692,59.97031714790864,16.226145255033355,2976,1.0481558283693482
naive,37.590779569892476,50.73632192058831,72.30088489524957,-5.302264784946237,2976,1.1569914701344723
