model,mae,rmse,smape,bias,n,mase
rf,30.9638427612349,38.77275299711118,48.1645587774366,-12.88102556564721,2976,0.9523905025519449
hw,31.490935618328134,41.520911569656406,45.70150916791743,17.212878314449366,2976,0.9686029034134762
gb,32.63458346394275,42.23565773434774,54.35140189647414,-24.0218098407864,2976,1.0037793947432594
naive,41.60814852150538,54.898242003736385,70.99405674170553,-12.24835685483871,2976,1.279789649696311
