model,mae,rmse,smape,bias,n,mase
gb,24.58732759051531,32.854744986419014,43.03705912463435,-2.9506926941800025,2976,0.7714654845343837
rf,27.089015206251563,38.091525955193056,44.58199116438462,-7.589714093360782,2976,0.8499598081457114
hw,29.264487980654,42.67631130629054,50.805140015674496,-8.68642559951424,2976,0.9182186358616258
naive,35.83826948924731,48.13070157783907,61.20294052313445,-0.46675067204301174,2976,1.1244812123079757
