model,mae,rmse,smape,bias,n,mase
rf,31.78249627942071,38.75607219042749,56.35401416572912,-6.736175794765288,2976,0.9809676668892117
gb,32.808187509776126,41.229848587631615,61.87407438648156,-24.73360120606588,2976,1.0126256563795455
hw,33.15811792843822,43.036006620448276,58.11635861995191,13.492449258374577,2976,1.0234262688723659
naive,38.235722446236565,51.222178585049036,73.4673102420873,-6.641105510752689,2976,1.1801466791705322
