model,mae,rmse,smape,bias,n,mase
gb,23.047457683630572,31.043141854222952,42.698293962601745,-1.8621509448465856,2976,0.7226098574435124
rf,25.432311105760686,36.07461018548292,45.452618240247794,-3.508627443505779,2976,0.79738246859416
hw,32.0742934568114,45.21381316121362,63.44689362300828,-13.826745950984552,2976,1.005629381798993
naive,33.99936827956989,45.95958367653508,59.36990942457423,4.878467741935486,2976,1.0659864963379047
