model,mae,rmse,smape,bias,n,mase
gb,27.7846698816696,37.18355691974232,50.198451292711,-14.830411706651445,2976,0.8612015153031627
rf,29.381964085151086,38.0710629484293,48.115332760221264,-10.80748698159697,2976,0.910710550115584
hw,31.659785223874202,42.47964626030475,50.03317036425664,5.8745881073746276,2976,0.98131290114629
naive,36.70515120967742,49.609668651277204,61.27389256204433,2.686414650537633,2976,1.137696865783543
