model,mae,rmse,smape,bias,n,mase
rf,30.264748665705934,38.23752708374134,47.90752809836313,-12.317888642906155,2976,0.929978167774454
hw,30.873526889214986,40.75861280963938,46.082697986194994,15.45033022517505,2976,0.9486847647838473
gb,31.84256528552891,40.86361102901438,53.97721095516097,-21.89222810977434,2976,0.9784614717461715
naive,42.322281586021504,56.2770411379329,71.91938041606673,-10.357570564516129,2976,1.3004832229121284
