model,mae,rmse,smape,bias,n,mase
gb,26.589606450184025,33.20707575060249,58.152036625600715,-8.496507402018858,2976,0.8098611704774827
rf,29.499470173551746,36.17711221945569,58.20632994810122,-3.1018798824096927,2976,0.8984892457125052
hw,36.09527731812413,46.62807610624362,63.11369712805603,23.86909566767621,2976,1.0993830838501573
naive,38.96583669354839,51.56932047787455,76.59839888681364,-5.581401209677421,2976,1.1868140347392446
