model,mae,rmse,smape,bias,n,mase
gb,22.764893426721823,33.21169802751941,34.375009025938944,-6.065190267864601,2976,0.7062789346315584
rf,24.409380026683486,35.13860013499175,37.297406238561706,-5.881684738432105,2976,0.7572989953041662
hw,27.651378408982445,41.23869923046876,46.624019299249674,-5.26987715043038,2976,0.8578817268200357
naive,39.89735887096774,55.665281377836,60.454200964440474,-9.44220430107527,2976,1.237812257224251
