model,mae,rmse,smape,bias,n,mase
gb,29.507303999802765,36.757096390747286,63.13156396474078,-14.609642303655669,2976,0.9031149648543116
rf,32.28020906441267,38.48678804006042,62.36471723809319,-1.7975983951549008,2976,0.9879838522316964
hw,34.80161790233777,44.953712192266664,64.30417901737768,21.89964905741254,2976,1.0651553232024533
naive,37.51975470430107,50.453976538575304,75.50634692756354,-4.833135080645164,2976,1.1483479463709647
