model,mae,rmse,smape,bias,n,mase
gb,24.016386296345566,31.936187038831353,42.683981331855854,-4.076619932340521,2976,0.7484259017889981
rf,26.40317650361416,38.268268083692654,45.34550693551845,-0.8102265300815759,2976,0.822805768568871
hw,30.228344928284322,43.49254062262977,57.38238851859191,-7.8550870965041435,2976,0.9420100107226621
naive,40.57060819892473,56.0817562993255,65.2962960491304,0.4153326612903225,2976,1.2643073630119237
