model,mae,rmse,smape,bias,n,mase
gb,28.912181699402936,37.95532398323632,50.11791373801998,-18.647809364671897,2976,0.8911201805343234
rf,29.84711345867685,37.942068827452474,47.06347839077306,-9.467440289091765,2976,0.9199362888022321
hw,30.98825683803943,40.951651246602076,46.72611171464573,13.592657761106596,2976,0.955108172571008
naive,41.34013440860215,55.57215926356518,71.004758669889,-8.171370967741934,2976,1.2741697745441154
