model,mae,rmse,smape,bias,n,mase
gb,28.975655962772773,36.83101255724447,61.44328074632046,-16.002501633855434,2976,0.8872251465045212
rf,32.21863111119137,38.56584133505013,63.17221247952454,-3.4994634405179896,2976,0.9865239891213314
hw,34.62798839689967,44.64086415583367,63.48080718032796,21.917148591388433,2976,1.060297724340326
naive,37.23026545698925,50.339377370794935,74.05848191343736,-4.569055779569893,2976,1.139978600205557
