model,mae,rmse,smape,bias,n,mase
gb,29.808569285300802,38.69052864328398,49.56890146168839,-20.118408669147012,2976,0.9161907043204274
hw,31.039036804183365,41.014051498290144,46.21846822973825,13.407991005392745,2976,0.9540101277210781
rf,31.430741431160254,39.088456845817,49.14147892791007,-11.924349910727306,2976,0.9660494891087612
naive,41.79086693548387,55.895745490254356,71.48244026135504,-9.508783602150537,2976,1.284476401578354
