model,mae,rmse,smape,bias,n,mase
gb,27.03789048192641,34.33589516791327,57.216458548963544,-13.824983913144141,2976,0.8304906537065205
rf,30.98207921269846,36.60536540290919,59.518533446182786,-4.049510888308119,2976,0.951639597613604
hw,32.77252308265974,41.89906720703937,60.956157273577475,20.742012471676237,2976,1.0066345278202682
naive,36.116155913978496,48.571543663938144,73.06811772336975,-6.2365524193548385,2976,1.1093369120056285
