model,mae,rmse,smape,bias,n,mase
gb,28.037192091232296,37.34012367465222,51.6604283245027,-15.162253457746315,2976,0.8667417775799077
rf,28.124159330987112,36.050696260638816,47.56754152933555,-7.647400240004171,2976,0.8694302828956693
hw,31.96481351417255,42.960195724735925,50.336577214342114,9.228470261140224,2976,0.988160269228532
naive,35.77741935483871,49.06875843447718,60.58672057690511,3.0056787634408595,2976,1.1060231690794737
