model,mae,rmse,smape,bias,n,mase
gb,24.235772190191526,32.13576263558519,44.409133229333975,-1.6426826203681733,2976,0.7609420279920642
rf,27.157972033073925,38.15471095917928,46.4026240128411,-3.334995953898291,2976,0.8526917216758887
hw,32.52167893696283,45.64762343902205,62.761613637999304,-16.242859729966334,2976,1.0210985699071191
naive,34.991908602150545,47.6927381119557,60.31310676998927,5.331444892473119,2976,1.098657541673442
