model,mae,rmse,smape,bias,n,mase
gb,24.101931844239033,31.829071897429255,42.51915220201746,-3.944038289367523,2976,0.7550813396006237
rf,24.54215583218716,33.05131937011717,42.59042370970272,-7.550201378075157,2976,0.768872969279622
hw,30.515393040512393,41.99501197975721,55.46302243085578,-11.818839947006117,2976,0.9560065145141953
naive,37.999862231182796,50.46601779531386,68.61663151102117,-7.081334005376345,2976,1.1904849396966075
