model,mae,rmse,smape,bias,n,mase
gb,26.87134665809205,36.16838087785601,51.76794483461457,-6.091829497058826,2976,0.8375634702304894
rf,26.929549525673764,35.79431369195852,49.167433539610094,-5.662145250698683,2976,0.8393776180798465
hw,31.438607025853646,42.69630637984306,56.97610549167385,-0.1652949450349957,2976,0.9799221875565006
naive,40.05062163978494,52.04237736467727,69.14192633108874,4.469055779569892,2976,1.2483534253913124
