model,mae,rmse,smape,bias,n,mase
rf,26.54083394100449,35.308937416798045,51.74857623458882,-4.187611796667644,2976,0.8297943564858149
gb,27.813767654851066,36.837352517328576,56.787506075805695,-6.890894571571257,2976,0.8695923980348605
hw,32.006604178370786,44.127094499702594,61.83920077306902,-7.729327193998479,2976,1.0006806710189682
naive,40.9489684139785,52.98813442034092,73.77075545495087,0.24007728494623512,2976,1.280262065968423
