model,mae,rmse,smape,bias,n,mase
gb,23.825404213422374,34.99285265873021,36.072234246907854,-5.167001423923647,2976,0.7417775207635849
rf,25.34735333908705,36.24616963819833,39.33875715451066,-7.383154847840516,2976,0.7891617178605576
hw,29.4495889878859,43.23324052322968,50.830391759557,-7.410998238870053,2976,0.9168802724712584
naive,40.556491935483876,56.231940212544714,61.50431109554503,-7.344032258064515,2976,1.2626813702419106
