model,mae,rmse,smape,bias,n,mase
gb,27.387585735377574,35.10802971603549,61.32619825549431,-12.042194595501908,2976,0.8323646475889279
rf,31.020103709901754,37.714101418720404,62.07517160025674,-2.600159722148403,2976,0.9427642853277007
hw,37.716595269651066,48.013097669371405,65.83062832271553,25.741636500637846,2976,1.146284336020337
naive,41.59200940860215,53.302467935712265,87.48858930291429,-12.521666666666665,2976,1.2640660841158742
