model,mae,rmse,smape,bias,n,mase
gb,26.654078531169,35.24712848909671,50.98475611986938,-5.876145868387197,2976,0.8309670651759966
rf,27.427036615432915,36.70281517694236,50.57694753707091,-1.5053783738894353,2976,0.8550647922849546
hw,31.93347406224366,43.22933254054435,58.52933336788541,-0.9175905927668697,2976,0.9955574037701547
naive,40.784731182795696,52.453700972371095,70.96286061386886,5.297936827956988,2976,1.2715040340009574
