model,mae,rmse,smape,bias,n,mase
gb,24.00766772491371,34.983187373041595,40.77961940678543,-5.206457650741838,2976,0.7459385334042414
rf,26.074888110831427,37.319290193175526,42.901009874786176,-5.15170191754653,2976,0.8101688185183009
hw,29.951756386453173,43.50343187164529,55.73448198229332,-7.835838360315776,2976,0.9306263935253755
naive,39.99923387096774,56.09774684430797,63.45465335705188,-4.3266465053763445,2976,1.2428100135707862
