model,mae,rmse,smape,bias,n,mase
rf,27.44730612641575,36.665316541664325,53.46193762774235,-1.6705504202868122,2976,0.8576527440357127
gb,27.582905943138773,36.12522426937933,55.41986381491654,-6.042323143313221,2976,0.8618898649527018
hw,32.83311037985696,44.378900002783254,63.463899778714215,-2.946387439679932,2976,1.0259442978781321
naive,41.15176411290322,52.76836923671113,74.29950012046909,4.550473790322579,2976,1.2858793227570828
