model,mae,rmse,smape,bias,n,mase
gb,24.213099875311777,35.611700252120926,37.59334069720459,-4.7015130116329376,2976,0.7541748351546607
rf,26.1452426040564,37.409185435403366,42.552131163246386,-1.0184725350960493,2976,0.8143560358869146
hw,29.922207943462027,42.87692704164133,56.292137198559054,-7.469917806882424,2976,0.9319986436859884
naive,40.286303763440856,56.489901443123124,62.848378852675545,-7.03912634408602,2976,1.2548131654453174
