model,mae,rmse,smape,bias,n,mase
gb,25.968109747633125,34.54686779310979,45.88088051224519,-6.528302369696734,2976,0.8135527169066328
rf,26.047135290314184,35.84271459457788,44.51398417774474,-7.993604693793961,2976,0.8160285014584544
hw,31.783725813849525,43.926362141869255,57.171792402473244,-11.876604555404919,2976,0.9957496614334655
naive,37.861864919354836,50.4882988469973,68.2250088113065,-8.396098790322581,2976,1.1861711680843685
