model,mae,rmse,smape,bias,n,mase
gb,23.787982480932143,32.022186901061204,42.093704027266014,-3.2452344433519738,2976,0.7452900309213008
rf,27.859067830324523,39.14119378941536,46.53281309753656,-5.672427727574691,2976,0.8728392809833434
hw,31.48161869442824,45.35331734723768,59.30723093391097,-10.92716436818024,2976,0.9863357091771162
naive,36.980141129032255,51.806388694281814,60.16383573036516,8.339099462365592,2976,1.1586073155898224
