model,mae,rmse,smape,bias,n,mase
gb,23.522438541493884,31.584635157265367,42.46636337923405,-4.96403528491341,2976,0.7329161271721601
rf,27.12395450688633,38.670503707311134,48.36500514017199,-2.2070570125744227,2976,0.845132772085392
hw,30.697874055107906,43.872147385716715,58.93286073995261,-7.317828753952049,2976,0.9564895631547705
naive,40.08942876344086,55.80303496607269,65.22057814957905,0.9257123655913967,2976,1.2491132166426842
