model,mae,rmse,smape,bias,n,mase
gb,24.634069401760513,36.27978444411119,36.87135872517562,-6.044755892438462,2976,0.7660213471010473
rf,27.165563704882583,38.83180053301998,42.05076264523573,-3.0496072116398376,2976,0.844740727347561
hw,29.166842354088814,42.849408533130976,49.30255554302621,-2.9092691836837425,2976,0.9069725146250606
naive,40.01161290322581,56.04340080800186,60.60895755198711,-7.897237903225807,2976,1.244201642690194
